Workbook

Sheet Trading History
K2: UnRealised | W2: Realised
K3: Total | O3: Short Term | S3: Long Term
A4: DATE | B4: EXCH | C4: ACTION | D4: QTY | E4: PRICE | F4: COST | G4: REMARKS | H4: STT | I4: ADD CHRG | J4: Current Price | K4: Gain % | L4: Gain | M4: Gross | N4: Units | O4: Gain % | P4: Gain | Q4: Gross | R4: Units | S4: Gain % | T4: Gain | U4: Gross | V4: Units | W4: Price | X4: Date | Y4: Gain % | Z4: Gain | AA4: Gross | AB4: Units | AC4: DIV | AD4: Broker
A5: 45981 | B5: NSE | C5: Buy | D5: 20 | E5: 379 | F5: 7618 | G5: CN#252608441505 | I5: 38 | J5: =Index!$C$2
A6: 45968 | B6: NSE | C6: Buy | D6: 10 | E6: 372.95 | F6: 3748.1 | G6: CN#252607899666 | I6: 18.6 | J6: =Index!$C$2
A7: 46017 | B7: NSE | C7: Buy | D7: 10 | E7: 405.95 | F7: 4088.28 | G7: ~ | H7: 4.07 | I7: 24.71
A8: 46002 | B8: NSE | C8: Buy | D8: 10 | E8: 384.75 | F8: 3874.73 | G8: ~ | H8: 3.86 | I8: 23.37
A9: 45996 | B9: NSE | C9: Buy | D9: 10 | E9: 378.15 | F9: 3808.28 | G9: ~ | H9: 3.76 | I9: 23.02
A10: 45995 | B10: NSE | C10: Buy | D10: 10 | E10: 375.65 | F10: 3783.14 | G10: ~ | H10: 3.72 | I10: 22.92
A11: 45993 | B11: BSE | C11: Buy | D11: 10 | E11: 379 | F11: 3816.95 | G11: ~ | H11: 3.81 | I11: 23.14
A12: 45989 | B12: BSE | C12: Buy | D12: 10 | E12: 376.55 | F12: 3792.18 | G12: ~ | H12: 3.76 | I12: 22.92
A13: 45988 | B13: BSE | C13: Buy | D13: 10 | E13: 376.6 | F13: 3792.66 | G13: ~ | H13: 3.75 | I13: 22.91
A14: 45982 | B14: BSE | C14: Buy | D14: 20 | E14: 379.55 | F14: 7644.91 | G14: ~ | H14: 7.59 | I14: 46.32
A15: 45981 | B15: NSE | C15: Buy | D15: 13 | E15: 379 | F15: 4961.98 | G15: ~ | H15: 4.9 | I15: 30.08
A16: 45981 | B16: NSE | C16: Buy | D16: 7 | E16: 379 | F16: 2671.85 | G16: ~ | H16: 2.63 | I16: 16.22
A17: 45978 | B17: NSE | C17: Buy | D17: 20 | E17: 387.6 | F17: 7806.99 | G17: ~ | H17: 7.78 | I17: 47.21
A18: 45975 | B18: NSE | C18: Buy | D18: 10 | E18: 384 | F18: 3867.22 | G18: ~ | H18: 3.85 | I18: 23.37
... A30: 45903 | B30: NSE | C30: Buy | D30: 10 | E30: 381.85 | F30: 3845.58 | G30: ~ | H30: 3.83 | I30: 23.25
A31: 45890 | B31: DIV | C31: Buy | D31: 100 | E31: 5.15 | F31: 515 | G31: Final-Dividend of Rs.5.1500/- per share on Ex-Date: 21-AUG-2025 | H31: 0 | I31: 0 | J31: =Index!$C$2 | K31: =IF(AND( C8="Buy", ISBLANK(W8), B8<>"DIV"), L8/SUM(F8:I8), "") | L31: =IF(AND( C8="Buy", ISBLANK(W8), B8<>"DIV"), (1-Index!$F$2*2)*((J8*D8)-(E8*D8)), "") | M31: =IF(AND( C8="Buy", ISBLANK(W8), B8<>"DIV"), ((E8*D8)+L8), "") | N31: =IF(AND( C8="Buy", ISBLANK(W8), B8<>"DIV"), D8, "") | O31: =IF(AND( C8="Buy", ISBLANK(W8), B8<>"DIV", NOW()-A8 < 365), P8/SUM(F8:I8), "") | P31: =IF(AND( C8="Buy", ISBLANK(W8), B8<>"DIV", NOW()-A8 < 365), (1-Index!$F$2*2)*((J8*D8)-(E8*D8)), "") | Q31: =IF(AND( C8="Buy", ISBLANK(W8), B8<>"DIV", NOW()-A8 < 365), ((E8*D8)+P8), "") | R31: =IF(AND( C8="Buy", ISBLANK(W8), B8<>"DIV", NOW()-A8 < 365), D8, "") | S31: =IF(AND( C8="Buy", ISBLANK(W8), B8<>"DIV", NOW()-A8 > 365), T8/SUM(F8:I8), "") | T31: =IF(AND( C8="Buy", ISBLANK(W8), B8<>"DIV", NOW()-A8 > 365), (1-Index!$F$2*2)*((J8*D8)-(E8*D8)), "") | U31: =IF(AND( C8="Buy", ISBLANK(W8), B8<>"DIV", NOW()-A8 > 365), ((E8*D8)+T8), "") | V31: =IF(AND( C8="Buy", ISBLANK(W8), B8<>"DIV", NOW()-A8 > 365), D8, "") | Y31: =IF(AND( C8="Buy", W8<>"", AA8<>"", B8<>"DIV"), Z8/SUM(F8:I8), "") | AC31: =IF(B8="DIV", F8,"")
A32: 45875 | B32: DIV | C32: Buy | D32: 100 | E32: 5.5 | F32: 550 | G32: Interim-Dividend of Rs.5.5000/- per share on Ex-Date: 06-AUG-2025 | H32: 0 | I32: 0 | J32: =Index!$C$2 | K32: =IF(AND( C9="Buy", ISBLANK(W9), B9<>"DIV"), L9/SUM(F9:I9), "") | L32: =IF(AND( C9="Buy", ISBLANK(W9), B9<>"DIV"), (1-Index!$F$2*2)*((J9*D9)-(E9*D9)), "") | M32: =IF(AND( C9="Buy", ISBLANK(W9), B9<>"DIV"), ((E9*D9)+L9), "") | N32: =IF(AND( C9="Buy", ISBLANK(W9), B9<>"DIV"), D9, "") | O32: =IF(AND( C9="Buy", ISBLANK(W9), B9<>"DIV", NOW()-A9 < 365), P9/SUM(F9:I9), "") | P32: =IF(AND( C9="Buy", ISBLANK(W9), B9<>"DIV", NOW()-A9 < 365), (1-Index!$F$2*2)*((J9*D9)-(E9*D9)), "") | Q32: =IF(AND( C9="Buy", ISBLANK(W9), B9<>"DIV", NOW()-A9 < 365), ((E9*D9)+P9), "") | R32: =IF(AND( C9="Buy", ISBLANK(W9), B9<>"DIV", NOW()-A9 < 365), D9, "") | S32: =IF(AND( C9="Buy", ISBLANK(W9), B9<>"DIV", NOW()-A9 > 365), T9/SUM(F9:I9), "") | T32: =IF(AND( C9="Buy", ISBLANK(W9), B9<>"DIV", NOW()-A9 > 365), (1-Index!$F$2*2)*((J9*D9)-(E9*D9)), "") | U32: =IF(AND( C9="Buy", ISBLANK(W9), B9<>"DIV", NOW()-A9 > 365), ((E9*D9)+T9), "") | V32: =IF(AND( C9="Buy", ISBLANK(W9), B9<>"DIV", NOW()-A9 > 365), D9, "") | Y32: =IF(AND( C9="Buy", W9<>"", AA9<>"", B9<>"DIV"), Z9/SUM(F9:I9), "") | AC32: =IF(B9="DIV", F9,"")
A33: 45811 | B33: NSE | C33: Buy | D33: 30 | E33: 397.49 | F33: 11924.82 | G33: ~ | H33: 11.84 | I33: 71.98 | J33: =Index!$C$2 | K33: =IF(AND( C10="Buy", ISBLANK(W10), B10<>"DIV"), L10/SUM(F10:I10), "") | L33: =IF(AND( C10="Buy", ISBLANK(W10), B10<>"DIV"), (1-Index!$F$2*2)*((J10*D10)-(E10*D10)), "") | M33: =IF(AND( C10="Buy", ISBLANK(W10), B10<>"DIV"), ((E10*D10)+L10), "") | N33: =IF(AND( C10="Buy", ISBLANK(W10), B10<>"DIV"), D10, "") | O33: =IF(AND( C10="Buy", ISBLANK(W10), B10<>"DIV", NOW()-A10 < 365), P10/SUM(F10:I10), "") | P33: =IF(AND( C10="Buy", ISBLANK(W10), B10<>"DIV", NOW()-A10 < 365), (1-Index!$F$2*2)*((J10*D10)-(E10*D10)), "") | Q33: =IF(AND( C10="Buy", ISBLANK(W10), B10<>"DIV", NOW()-A10 < 365), ((E10*D10)+P10), "") | R33: =IF(AND( C10="Buy", ISBLANK(W10), B10<>"DIV", NOW()-A10 < 365), D10, "") | S33: =IF(AND( C10="Buy", ISBLANK(W10), B10<>"DIV", NOW()-A10 > 365), T10/SUM(F10:I10), "") | T33: =IF(AND( C10="Buy", ISBLANK(W10), B10<>"DIV", NOW()-A10 > 365), (1-Index!$F$2*2)*((J10*D10)-(E10*D10)), "") | U33: =IF(AND( C10="Buy", ISBLANK(W10), B10<>"DIV", NOW()-A10 > 365), ((E10*D10)+T10), "") | V33: =IF(AND( C10="Buy", ISBLANK(W10), B10<>"DIV", NOW()-A10 > 365), D10, "") | Y33: =IF(AND( C10="Buy", W10<>"", AA10<>"", B10<>"DIV"), Z10/SUM(F10:I10), "") | AC33: =IF(B10="DIV", F10,"")
A34: 45806 | B34: NSE | C34: Buy | D34: 10 | E34: 401.94 | F34: 4019.39 | G34: ~ | H34: 4.01 | I34: 24.38 | J34: =Index!$C$2 | K34: =IF(AND( C11="Buy", ISBLANK(W11), B11<>"DIV"), L11/SUM(F11:I11), "") | L34: =IF(AND( C11="Buy", ISBLANK(W11), B11<>"DIV"), (1-Index!$F$2*2)*((J11*D11)-(E11*D11)), "") | M34: =IF(AND( C11="Buy", ISBLANK(W11), B11<>"DIV"), ((E11*D11)+L11), "") | N34: =IF(AND( C11="Buy", ISBLANK(W11), B11<>"DIV"), D11, "") | O34: =IF(AND( C11="Buy", ISBLANK(W11), B11<>"DIV", NOW()-A11 < 365), P11/SUM(F11:I11), "") | P34: =IF(AND( C11="Buy", ISBLANK(W11), B11<>"DIV", NOW()-A11 < 365), (1-Index!$F$2*2)*((J11*D11)-(E11*D11)), "") | Q34: =IF(AND( C11="Buy", ISBLANK(W11), B11<>"DIV", NOW()-A11 < 365), ((E11*D11)+P11), "") | R34: =IF(AND( C11="Buy", ISBLANK(W11), B11<>"DIV", NOW()-A11 < 365), D11, "") | S34: =IF(AND( C11="Buy", ISBLANK(W11), B11<>"DIV", NOW()-A11 > 365), T11/SUM(F11:I11), "") | T34: =IF(AND( C11="Buy", ISBLANK(W11), B11<>"DIV", NOW()-A11 > 365), (1-Index!$F$2*2)*((J11*D11)-(E11*D11)), "") | U34: =IF(AND( C11="Buy", ISBLANK(W11), B11<>"DIV", NOW()-A11 > 365), ((E11*D11)+T11), "") | V34: =IF(AND( C11="Buy", ISBLANK(W11), B11<>"DIV", NOW()-A11 > 365), D11, "") | Y34: =IF(AND( C11="Buy", W11<>"", AA11<>"", B11<>"DIV"), Z11/SUM(F11:I11), "") | AC34: =IF(B11="DIV", F11,"")
A35: 45705 | B35: NSE | C35: Buy | D35: 40 | E35: 356.71 | F35: 14268.34 | G35: ~ | H35: 14.15 | I35: 86.19 | J35: =Index!$C$2 | K35: =IF(AND( C12="Buy", ISBLANK(W12), B12<>"DIV"), L12/SUM(F12:I12), "") | L35: =IF(AND( C12="Buy", ISBLANK(W12), B12<>"DIV"), (1-Index!$F$2*2)*((J12*D12)-(E12*D12)), "") | M35: =IF(AND( C12="Buy", ISBLANK(W12), B12<>"DIV"), ((E12*D12)+L12), "") | N35: =IF(AND( C12="Buy", ISBLANK(W12), B12<>"DIV"), D12, "") | O35: =IF(AND( C12="Buy", ISBLANK(W12), B12<>"DIV", NOW()-A12 < 365), P12/SUM(F12:I12), "") | P35: =IF(AND( C12="Buy", ISBLANK(W12), B12<>"DIV", NOW()-A12 < 365), (1-Index!$F$2*2)*((J12*D12)-(E12*D12)), "") | Q35: =IF(AND( C12="Buy", ISBLANK(W12), B12<>"DIV", NOW()-A12 < 365), ((E12*D12)+P12), "") | R35: =IF(AND( C12="Buy", ISBLANK(W12), B12<>"DIV", NOW()-A12 < 365), D12, "") | S35: =IF(AND( C12="Buy", ISBLANK(W12), B12<>"DIV", NOW()-A12 > 365), T12/SUM(F12:I12), "") | T35: =IF(AND( C12="Buy", ISBLANK(W12), B12<>"DIV", NOW()-A12 > 365), (1-Index!$F$2*2)*((J12*D12)-(E12*D12)), "") | U35: =IF(AND( C12="Buy", ISBLANK(W12), B12<>"DIV", NOW()-A12 > 365), ((E12*D12)+T12), "") | V35: =IF(AND( C12="Buy", ISBLANK(W12), B12<>"DIV", NOW()-A12 > 365), D12, "") | Y35: =IF(AND( C12="Buy", W12<>"", AA12<>"", B12<>"DIV"), Z12/SUM(F12:I12), "") | AC35: =IF(B12="DIV", F12,"")
A36: 45699 | B36: NSE | C36: Buy | D36: 10 | E36: 365.01 | F36: 3650.14 | G36: ~ | H36: 3.62 | I36: 22.02 | J36: =Index!$C$2 | K36: =IF(AND( C13="Buy", ISBLANK(W13), B13<>"DIV"), L13/SUM(F13:I13), "") | L36: =IF(AND( C13="Buy", ISBLANK(W13), B13<>"DIV"), (1-Index!$F$2*2)*((J13*D13)-(E13*D13)), "") | M36: =IF(AND( C13="Buy", ISBLANK(W13), B13<>"DIV"), ((E13*D13)+L13), "") | N36: =IF(AND( C13="Buy", ISBLANK(W13), B13<>"DIV"), D13, "") | O36: =IF(AND( C13="Buy", ISBLANK(W13), B13<>"DIV", NOW()-A13 < 365), P13/SUM(F13:I13), "") | P36: =IF(AND( C13="Buy", ISBLANK(W13), B13<>"DIV", NOW()-A13 < 365), (1-Index!$F$2*2)*((J13*D13)-(E13*D13)), "") | Q36: =IF(AND( C13="Buy", ISBLANK(W13), B13<>"DIV", NOW()-A13 < 365), ((E13*D13)+P13), "") | R36: =IF(AND( C13="Buy", ISBLANK(W13), B13<>"DIV", NOW()-A13 < 365), D13, "") | S36: =IF(AND( C13="Buy", ISBLANK(W13), B13<>"DIV", NOW()-A13 > 365), T13/SUM(F13:I13), "") | T36: =IF(AND( C13="Buy", ISBLANK(W13), B13<>"DIV", NOW()-A13 > 365), (1-Index!$F$2*2)*((J13*D13)-(E13*D13)), "") | U36: =IF(AND( C13="Buy", ISBLANK(W13), B13<>"DIV", NOW()-A13 > 365), ((E13*D13)+T13), "") | V36: =IF(AND( C13="Buy", ISBLANK(W13), B13<>"DIV", NOW()-A13 > 365), D13, "") | Y36: =IF(AND( C13="Buy", W13<>"", AA13<>"", B13<>"DIV"), Z13/SUM(F13:I13), "") | AC36: =IF(B13="DIV", F13,"")
A37: 45694 | B37: NSE | C37: Buy | D37: 10 | E37: 381.69 | F37: 3816.91 | G37: ~ | H37: 3.78 | I37: 23.13 | J37: =Index!$C$2 | K37: =IF(AND( C14="Buy", ISBLANK(W14), B14<>"DIV"), L14/SUM(F14:I14), "") | L37: =IF(AND( C14="Buy", ISBLANK(W14), B14<>"DIV"), (1-Index!$F$2*2)*((J14*D14)-(E14*D14)), "") | M37: =IF(AND( C14="Buy", ISBLANK(W14), B14<>"DIV"), ((E14*D14)+L14), "") | N37: =IF(AND( C14="Buy", ISBLANK(W14), B14<>"DIV"), D14, "") | O37: =IF(AND( C14="Buy", ISBLANK(W14), B14<>"DIV", NOW()-A14 < 365), P14/SUM(F14:I14), "") | P37: =IF(AND( C14="Buy", ISBLANK(W14), B14<>"DIV", NOW()-A14 < 365), (1-Index!$F$2*2)*((J14*D14)-(E14*D14)), "") | Q37: =IF(AND( C14="Buy", ISBLANK(W14), B14<>"DIV", NOW()-A14 < 365), ((E14*D14)+P14), "") | R37: =IF(AND( C14="Buy", ISBLANK(W14), B14<>"DIV", NOW()-A14 < 365), D14, "") | S37: =IF(AND( C14="Buy", ISBLANK(W14), B14<>"DIV", NOW()-A14 > 365), T14/SUM(F14:I14), "") | T37: =IF(AND( C14="Buy", ISBLANK(W14), B14<>"DIV", NOW()-A14 > 365), (1-Index!$F$2*2)*((J14*D14)-(E14*D14)), "") | U37: =IF(AND( C14="Buy", ISBLANK(W14), B14<>"DIV", NOW()-A14 > 365), ((E14*D14)+T14), "") | V37: =IF(AND( C14="Buy", ISBLANK(W14), B14<>"DIV", NOW()-A14 > 365), D14, "") | Y37: =IF(AND( C14="Buy", W14<>"", AA14<>"", B14<>"DIV"), Z14/SUM(F14:I14), "") | AC37: =IF(B14="DIV", F14,"")
A38: 45282 | B38: NSE | C38: Sell | D38: 10 | E38: 359.01 | F38: 3595.9 | G38: ~ | H38: 0.84 | I38: 4.96 | J38: =Index!$C$2 | K38: =IF(AND( C15="Buy", ISBLANK(W15), B15<>"DIV"), L15/SUM(F15:I15), "") | L38: =IF(AND( C15="Buy", ISBLANK(W15), B15<>"DIV"), (1-Index!$F$2*2)*((J15*D15)-(E15*D15)), "") | M38: =IF(AND( C15="Buy", ISBLANK(W15), B15<>"DIV"), ((E15*D15)+L15), "") | N38: =IF(AND( C15="Buy", ISBLANK(W15), B15<>"DIV"), D15, "") | O38: =IF(AND( C15="Buy", ISBLANK(W15), B15<>"DIV", NOW()-A15 < 365), P15/SUM(F15:I15), "") | P38: =IF(AND( C15="Buy", ISBLANK(W15), B15<>"DIV", NOW()-A15 < 365), (1-Index!$F$2*2)*((J15*D15)-(E15*D15)), "") | Q38: =IF(AND( C15="Buy", ISBLANK(W15), B15<>"DIV", NOW()-A15 < 365), ((E15*D15)+P15), "") | R38: =IF(AND( C15="Buy", ISBLANK(W15), B15<>"DIV", NOW()-A15 < 365), D15, "") | S38: =IF(AND( C15="Buy", ISBLANK(W15), B15<>"DIV", NOW()-A15 > 365), T15/SUM(F15:I15), "") | T38: =IF(AND( C15="Buy", ISBLANK(W15), B15<>"DIV", NOW()-A15 > 365), (1-Index!$F$2*2)*((J15*D15)-(E15*D15)), "") | U38: =IF(AND( C15="Buy", ISBLANK(W15), B15<>"DIV", NOW()-A15 > 365), ((E15*D15)+T15), "") | V38: =IF(AND( C15="Buy", ISBLANK(W15), B15<>"DIV", NOW()-A15 > 365), D15, "") | Y38: =IF(AND( C15="Buy", W15<>"", AA15<>"", B15<>"DIV"), Z15/SUM(F15:I15), "") | AC38: =IF(B15="DIV", F15,"")
A39: 45251 | B39: DIV | C39: Buy | D39: 10 | E39: 15.25 | F39: 152.5 | G39: Interim-Dividend of Rs.15.2500/- per share on Ex-Date: 21-NOV-2023 | H39: 0 | I39: 0 | J39: =Index!$C$2 | K39: =IF(AND( C16="Buy", ISBLANK(W16), B16<>"DIV"), L16/SUM(F16:I16), "") | L39: =IF(AND( C16="Buy", ISBLANK(W16), B16<>"DIV"), (1-Index!$F$2*2)*((J16*D16)-(E16*D16)), "") | M39: =IF(AND( C16="Buy", ISBLANK(W16), B16<>"DIV"), ((E16*D16)+L16), "") | N39: =IF(AND( C16="Buy", ISBLANK(W16), B16<>"DIV"), D16, "") | O39: =IF(AND( C16="Buy", ISBLANK(W16), B16<>"DIV", NOW()-A16 < 365), P16/SUM(F16:I16), "") | P39: =IF(AND( C16="Buy", ISBLANK(W16), B16<>"DIV", NOW()-A16 < 365), (1-Index!$F$2*2)*((J16*D16)-(E16*D16)), "") | Q39: =IF(AND( C16="Buy", ISBLANK(W16), B16<>"DIV", NOW()-A16 < 365), ((E16*D16)+P16), "") | R39: =IF(AND( C16="Buy", ISBLANK(W16), B16<>"DIV", NOW()-A16 < 365), D16, "") | S39: =IF(AND( C16="Buy", ISBLANK(W16), B16<>"DIV", NOW()-A16 > 365), T16/SUM(F16:I16), "") | T39: =IF(AND( C16="Buy", ISBLANK(W16), B16<>"DIV", NOW()-A16 > 365), (1-Index!$F$2*2)*((J16*D16)-(E16*D16)), "") | U39: =IF(AND( C16="Buy", ISBLANK(W16), B16<>"DIV", NOW()-A16 > 365), ((E16*D16)+T16), "") | V39: =IF(AND( C16="Buy", ISBLANK(W16), B16<>"DIV", NOW()-A16 > 365), D16, "") | Y39: =IF(AND( C16="Buy", W16<>"", AA16<>"", B16<>"DIV"), Z16/SUM(F16:I16), "") | AC39: =IF(B16="DIV", F16,"")
A40: 45183 | B40: NSE | C40: Sell | D40: 3 | E40: 274.53667 | F40: 829.4 | G40: ~ | H40: 0.84 | I40: 4.96 | J40: =Index!$C$2 | K40: =IF(AND( C17="Buy", ISBLANK(W17), B17<>"DIV"), L17/SUM(F17:I17), "") | L40: =IF(AND( C17="Buy", ISBLANK(W17), B17<>"DIV"), (1-Index!$F$2*2)*((J17*D17)-(E17*D17)), "") | M40: =IF(AND( C17="Buy", ISBLANK(W17), B17<>"DIV"), ((E17*D17)+L17), "") | N40: =IF(AND( C17="Buy", ISBLANK(W17), B17<>"DIV"), D17, "") | O40: =IF(AND( C17="Buy", ISBLANK(W17), B17<>"DIV", NOW()-A17 < 365), P17/SUM(F17:I17), "") | P40: =IF(AND( C17="Buy", ISBLANK(W17), B17<>"DIV", NOW()-A17 < 365), (1-Index!$F$2*2)*((J17*D17)-(E17*D17)), "") | Q40: =IF(AND( C17="Buy", ISBLANK(W17), B17<>"DIV", NOW()-A17 < 365), ((E17*D17)+P17), "") | R40: =IF(AND( C17="Buy", ISBLANK(W17), B17<>"DIV", NOW()-A17 < 365), D17, "") | S40: =IF(AND( C17="Buy", ISBLANK(W17), B17<>"DIV", NOW()-A17 > 365), T17/SUM(F17:I17), "") | T40: =IF(AND( C17="Buy", ISBLANK(W17), B17<>"DIV", NOW()-A17 > 365), (1-Index!$F$2*2)*((J17*D17)-(E17*D17)), "") | U40: =IF(AND( C17="Buy", ISBLANK(W17), B17<>"DIV", NOW()-A17 > 365), ((E17*D17)+T17), "") | V40: =IF(AND( C17="Buy", ISBLANK(W17), B17<>"DIV", NOW()-A17 > 365), D17, "") | Y40: =IF(AND( C17="Buy", W17<>"", AA17<>"", B17<>"DIV"), Z17/SUM(F17:I17), "") | AC40: =IF(B17="DIV", F17,"")
A41: 45183 | B41: NSE | C41: Sell | D41: 66 | E41: 274.54 | F41: 18247.02 | G41: ~ | H41: 18.39 | I41: 108.99 | J41: =Index!$C$2 | K41: =IF(AND( C18="Buy", ISBLANK(W18), B18<>"DIV"), L18/SUM(F18:I18), "") | L41: =IF(AND( C18="Buy", ISBLANK(W18), B18<>"DIV"), (1-Index!$F$2*2)*((J18*D18)-(E18*D18)), "") | M41: =IF(AND( C18="Buy", ISBLANK(W18), B18<>"DIV"), ((E18*D18)+L18), "") | N41: =IF(AND( C18="Buy", ISBLANK(W18), B18<>"DIV"), D18, "") | O41: =IF(AND( C18="Buy", ISBLANK(W18), B18<>"DIV", NOW()-A18 < 365), P18/SUM(F18:I18), "") | P41: =IF(AND( C18="Buy", ISBLANK(W18), B18<>"DIV", NOW()-A18 < 365), (1-Index!$F$2*2)*((J18*D18)-(E18*D18)), "") | Q41: =IF(AND( C18="Buy", ISBLANK(W18), B18<>"DIV", NOW()-A18 < 365), ((E18*D18)+P18), "") | R41: =IF(AND( C18="Buy", ISBLANK(W18), B18<>"DIV", NOW()-A18 < 365), D18, "") | S41: =IF(AND( C18="Buy", ISBLANK(W18), B18<>"DIV", NOW()-A18 > 365), T18/SUM(F18:I18), "") | T41: =IF(AND( C18="Buy", ISBLANK(W18), B18<>"DIV", NOW()-A18 > 365), (1-Index!$F$2*2)*((J18*D18)-(E18*D18)), "") | U41: =IF(AND( C18="Buy", ISBLANK(W18), B18<>"DIV", NOW()-A18 > 365), ((E18*D18)+T18), "") | V41: =IF(AND( C18="Buy", ISBLANK(W18), B18<>"DIV", NOW()-A18 > 365), D18, "") | Y41: =IF(AND( C18="Buy", W18<>"", AA18<>"", B18<>"DIV"), Z18/SUM(F18:I18), "") | AC41: =IF(B18="DIV", F18,"")
A42: 45183 | B42: NSE | C42: Sell | D42: 31 | E42: 274.53936 | F42: 8570.55 | G42: ~ | H42: 8.64 | I42: 51.21 | J42: =Index!$C$2 | K42: =IF(AND( C19="Buy", ISBLANK(W19), B19<>"DIV"), L19/SUM(F19:I19), "") | L42: =IF(AND( C19="Buy", ISBLANK(W19), B19<>"DIV"), (1-Index!$F$2*2)*((J19*D19)-(E19*D19)), "") | M42: =IF(AND( C19="Buy", ISBLANK(W19), B19<>"DIV"), ((E19*D19)+L19), "") | N42: =IF(AND( C19="Buy", ISBLANK(W19), B19<>"DIV"), D19, "") | O42: =IF(AND( C19="Buy", ISBLANK(W19), B19<>"DIV", NOW()-A19 < 365), P19/SUM(F19:I19), "") | P42: =IF(AND( C19="Buy", ISBLANK(W19), B19<>"DIV", NOW()-A19 < 365), (1-Index!$F$2*2)*((J19*D19)-(E19*D19)), "") | Q42: =IF(AND( C19="Buy", ISBLANK(W19), B19<>"DIV", NOW()-A19 < 365), ((E19*D19)+P19), "") | R42: =IF(AND( C19="Buy", ISBLANK(W19), B19<>"DIV", NOW()-A19 < 365), D19, "") | S42: =IF(AND( C19="Buy", ISBLANK(W19), B19<>"DIV", NOW()-A19 > 365), T19/SUM(F19:I19), "") | T42: =IF(AND( C19="Buy", ISBLANK(W19), B19<>"DIV", NOW()-A19 > 365), (1-Index!$F$2*2)*((J19*D19)-(E19*D19)), "") | U42: =IF(AND( C19="Buy", ISBLANK(W19), B19<>"DIV", NOW()-A19 > 365), ((E19*D19)+T19), "") | V42: =IF(AND( C19="Buy", ISBLANK(W19), B19<>"DIV", NOW()-A19 > 365), D19, "") | Y42: =IF(AND( C19="Buy", W19<>"", AA19<>"", B19<>"DIV"), Z19/SUM(F19:I19), "") | AC42: =IF(B19="DIV", F19,"")
A43: 45162 | B43: NSE | C43: Buy | D43: 10 | E43: 72.978 | F43: 2337.44 | G43: ~ | H43: 6.9 | I43: 42.42 | J43: =Index!$C$2 | L43: =IF(AND( C20="Buy", ISBLANK(W20), B20<>"DIV"), (1-Index!$F$2*2)*((J20*D20)-(E20*D20)), "") | M43: =IF(AND( C20="Buy", ISBLANK(W20), B20<>"DIV"), ((E20*D20)+L20), "") | N43: =IF(AND( C20="Buy", ISBLANK(W20), B20<>"DIV"), D20, "") | P43: =IF(AND( C20="Buy", ISBLANK(W20), B20<>"DIV", NOW()-A20 < 365), (1-Index!$F$2*2)*((J20*D20)-(E20*D20)), "") | Q43: =IF(AND( C20="Buy", ISBLANK(W20), B20<>"DIV", NOW()-A20 < 365), ((E20*D20)+P20), "") | R43: =IF(AND( C20="Buy", ISBLANK(W20), B20<>"DIV", NOW()-A20 < 365), D20, "") | T43: =IF(AND( C20="Buy", ISBLANK(W20), B20<>"DIV", NOW()-A20 > 365), (J20*D20)-(E20*D20)-(2*SUM(H20:I20)), "") | U43: =IF(AND( C20="Buy", ISBLANK(W20), B20<>"DIV", NOW()-A20 > 365), ((E20*D20)+T20), "") | V43: =IF(AND( C20="Buy", ISBLANK(W20), B20<>"DIV", NOW()-A20 > 365), D20, "") | W43: 359.01 | X43: 45282 | Y43: =IF(AND( C20="Buy", W20<>"", AA20<>"", B20<>"DIV"), Z20/SUM(F20:I20), "") | Z43: -367.7287 | AA43: 372.95 | AB43: 1 | AC43: =IF(B20="DIV", F20,"")
A44: 45162 | B44: NSE | C44: Buy | D44: 20 | E44: 153.364 | F44: 4674.88 | G44: ~ | H44: 6.9 | I44: 42.42 | J44: =Index!$C$2 | L44: =IF(AND( C21="Buy", ISBLANK(W21), B21<>"DIV"), (1-Index!$F$2*2)*((J21*D21)-(E21*D21)), "") | M44: =IF(AND( C21="Buy", ISBLANK(W21), B21<>"DIV"), ((E21*D21)+L21), "") | N44: =IF(AND( C21="Buy", ISBLANK(W21), B21<>"DIV"), D21, "") | P44: =IF(AND( C21="Buy", ISBLANK(W21), B21<>"DIV", NOW()-A21 < 365), (1-Index!$F$2*2)*((J21*D21)-(E21*D21)), "") | Q44: =IF(AND( C21="Buy", ISBLANK(W21), B21<>"DIV", NOW()-A21 < 365), ((E21*D21)+P21), "") | R44: =IF(AND( C21="Buy", ISBLANK(W21), B21<>"DIV", NOW()-A21 < 365), D21, "") | T44: =IF(AND( C21="Buy", ISBLANK(W21), B21<>"DIV", NOW()-A21 > 365), (J21*D21)-(E21*D21)-(2*SUM(H21:I21)), "") | U44: =IF(AND( C21="Buy", ISBLANK(W21), B21<>"DIV", NOW()-A21 > 365), ((E21*D21)+T21), "") | V44: =IF(AND( C21="Buy", ISBLANK(W21), B21<>"DIV", NOW()-A21 > 365), D21, "") | W44: 274.54 | X44: 45183 | Y44: =IF(AND( C21="Buy", W21<>"", AA21<>"", B21<>"DIV"), Z21/SUM(F21:I21), "") | Z44: -3309.5583 | AA44: 3356.55 | AB44: 9 | AC44: =IF(B21="DIV", F21,"")
A45: 45156 | B45: DIV | C45: Buy | D45: 80 | E45: 4 | F45: 320 | G45: Final-Dividend of Rs.4.0000/- per share on Ex-Date: 18-AUG-2023 | H45: 0 | I45: 0 | J45: =Index!$C$2 | L45: =IF(AND( C22="Buy", ISBLANK(W22), B22<>"DIV"), (1-Index!$F$2*2)*((J22*D22)-(E22*D22)), "") | M45: =IF(AND( C22="Buy", ISBLANK(W22), B22<>"DIV"), ((E22*D22)+L22), "") | N45: =IF(AND( C22="Buy", ISBLANK(W22), B22<>"DIV"), D22, "") | P45: =IF(AND( C22="Buy", ISBLANK(W22), B22<>"DIV", NOW()-A22 < 365), (1-Index!$F$2*2)*((J22*D22)-(E22*D22)), "") | Q45: =IF(AND( C22="Buy", ISBLANK(W22), B22<>"DIV", NOW()-A22 < 365), ((E22*D22)+P22), "") | R45: =IF(AND( C22="Buy", ISBLANK(W22), B22<>"DIV", NOW()-A22 < 365), D22, "") | T45: =IF(AND( C22="Buy", ISBLANK(W22), B22<>"DIV", NOW()-A22 > 365), (J22*D22)-(E22*D22)-(2*SUM(H22:I22)), "") | U45: =IF(AND( C22="Buy", ISBLANK(W22), B22<>"DIV", NOW()-A22 > 365), ((E22*D22)+T22), "") | V45: =IF(AND( C22="Buy", ISBLANK(W22), B22<>"DIV", NOW()-A22 > 365), D22, "") | Y45: =IF(AND( C22="Buy", W22<>"", AA22<>"", B22<>"DIV"), Z22/SUM(F22:I22), "") | AC45: =IF(B22="DIV", F22,"")
A46: 45131 | B46: NSE | C46: Buy | D46: 10 | E46: 228.945 | F46: 2305.65 | G46: ~ | H46: 2.28 | I46: 13.87 | J46: =Index!$C$2 | L46: =IF(AND( C23="Buy", ISBLANK(W23), B23<>"DIV"), (1-Index!$F$2*2)*((J23*D23)-(E23*D23)), "") | M46: =IF(AND( C23="Buy", ISBLANK(W23), B23<>"DIV"), ((E23*D23)+L23), "") | N46: =IF(AND( C23="Buy", ISBLANK(W23), B23<>"DIV"), D23, "") | P46: =IF(AND( C23="Buy", ISBLANK(W23), B23<>"DIV", NOW()-A23 < 365), (1-Index!$F$2*2)*((J23*D23)-(E23*D23)), "") | Q46: =IF(AND( C23="Buy", ISBLANK(W23), B23<>"DIV", NOW()-A23 < 365), ((E23*D23)+P23), "") | R46: =IF(AND( C23="Buy", ISBLANK(W23), B23<>"DIV", NOW()-A23 < 365), D23, "") | T46: =IF(AND( C23="Buy", ISBLANK(W23), B23<>"DIV", NOW()-A23 > 365), (J23*D23)-(E23*D23)-(2*SUM(H23:I23)), "") | U46: =IF(AND( C23="Buy", ISBLANK(W23), B23<>"DIV", NOW()-A23 > 365), ((E23*D23)+T23), "") | V46: =IF(AND( C23="Buy", ISBLANK(W23), B23<>"DIV", NOW()-A23 > 365), D23, "") | W46: 274.54 | X46: 45183 | Y46: =IF(AND( C23="Buy", W23<>"", AA23<>"", B23<>"DIV"), Z23/SUM(F23:I23), "") | Z46: -3916.885 | AA46: 3972.5 | AB46: 10 | AC46: =IF(B23="DIV", F23,"")
A47: 45099 | B47: NSE | C47: Buy | D47: 50 | E47: 229.3038 | F47: 11546.31 | G47: ~ | H47: 11 | I47: 70.31 | J47: =Index!$C$2 | L47: =IF(AND( C24="Buy", ISBLANK(W24), B24<>"DIV"), (1-Index!$F$2*2)*((J24*D24)-(E24*D24)), "") | M47: =IF(AND( C24="Buy", ISBLANK(W24), B24<>"DIV"), ((E24*D24)+L24), "") | N47: =IF(AND( C24="Buy", ISBLANK(W24), B24<>"DIV"), D24, "") | P47: =IF(AND( C24="Buy", ISBLANK(W24), B24<>"DIV", NOW()-A24 < 365), (1-Index!$F$2*2)*((J24*D24)-(E24*D24)), "") | Q47: =IF(AND( C24="Buy", ISBLANK(W24), B24<>"DIV", NOW()-A24 < 365), ((E24*D24)+P24), "") | R47: =IF(AND( C24="Buy", ISBLANK(W24), B24<>"DIV", NOW()-A24 < 365), D24, "") | T47: =IF(AND( C24="Buy", ISBLANK(W24), B24<>"DIV", NOW()-A24 > 365), (J24*D24)-(E24*D24)-(2*SUM(H24:I24)), "") | U47: =IF(AND( C24="Buy", ISBLANK(W24), B24<>"DIV", NOW()-A24 > 365), ((E24*D24)+T24), "") | V47: =IF(AND( C24="Buy", ISBLANK(W24), B24<>"DIV", NOW()-A24 > 365), D24, "") | W47: 274.54 | X47: 45183 | Y47: =IF(AND( C24="Buy", W24<>"", AA24<>"", B24<>"DIV"), Z24/SUM(F24:I24), "") | Z47: -3892.728 | AA47: 3948 | AB47: 10 | AC47: =IF(B24="DIV", F24,"")
A48: 45034 | B48: NSE | C48: Buy | D48: 10 | E48: 231.054 | F48: 2326.96 | G48: ~ | H48: 2.31 | I48: 14.15 | J48: =Index!$C$2 | L48: =IF(AND( C25="Buy", ISBLANK(W25), B25<>"DIV"), (1-Index!$F$2*2)*((J25*D25)-(E25*D25)), "") | M48: =IF(AND( C25="Buy", ISBLANK(W25), B25<>"DIV"), ((E25*D25)+L25), "") | N48: =IF(AND( C25="Buy", ISBLANK(W25), B25<>"DIV"), D25, "") | P48: =IF(AND( C25="Buy", ISBLANK(W25), B25<>"DIV", NOW()-A25 < 365), (1-Index!$F$2*2)*((J25*D25)-(E25*D25)), "") | Q48: =IF(AND( C25="Buy", ISBLANK(W25), B25<>"DIV", NOW()-A25 < 365), ((E25*D25)+P25), "") | R48: =IF(AND( C25="Buy", ISBLANK(W25), B25<>"DIV", NOW()-A25 < 365), D25, "") | T48: =IF(AND( C25="Buy", ISBLANK(W25), B25<>"DIV", NOW()-A25 > 365), (J25*D25)-(E25*D25)-(2*SUM(H25:I25)), "") | U48: =IF(AND( C25="Buy", ISBLANK(W25), B25<>"DIV", NOW()-A25 > 365), ((E25*D25)+T25), "") | V48: =IF(AND( C25="Buy", ISBLANK(W25), B25<>"DIV", NOW()-A25 > 365), D25, "") | W48: 274.54 | X48: 45183 | Y48: =IF(AND( C25="Buy", W25<>"", AA25<>"", B25<>"DIV"), Z25/SUM(F25:I25), "") | Z48: -3870.05 | AA48: 3925 | AB48: 10 | AC48: =IF(B25="DIV", F25,"")
A49: 44965 | B49: DIV | C49: Buy | D49: 10 | E49: 5.25 | F49: 52.5 | G49: Dividend of Rs.5.2500/- per share on 08-FEB-2023 | H49: 0 | I49: 0 | J49: =Index!$C$2 | L49: =IF(AND( C26="Buy", ISBLANK(W26), B26<>"DIV"), (1-Index!$F$2*2)*((J26*D26)-(E26*D26)), "") | M49: =IF(AND( C26="Buy", ISBLANK(W26), B26<>"DIV"), ((E26*D26)+L26), "") | N49: =IF(AND( C26="Buy", ISBLANK(W26), B26<>"DIV"), D26, "") | P49: =IF(AND( C26="Buy", ISBLANK(W26), B26<>"DIV", NOW()-A26 < 365), (1-Index!$F$2*2)*((J26*D26)-(E26*D26)), "") | Q49: =IF(AND( C26="Buy", ISBLANK(W26), B26<>"DIV", NOW()-A26 < 365), ((E26*D26)+P26), "") | R49: =IF(AND( C26="Buy", ISBLANK(W26), B26<>"DIV", NOW()-A26 < 365), D26, "") | T49: =IF(AND( C26="Buy", ISBLANK(W26), B26<>"DIV", NOW()-A26 > 365), (J26*D26)-(E26*D26)-(2*SUM(H26:I26)), "") | U49: =IF(AND( C26="Buy", ISBLANK(W26), B26<>"DIV", NOW()-A26 > 365), ((E26*D26)+T26), "") | V49: =IF(AND( C26="Buy", ISBLANK(W26), B26<>"DIV", NOW()-A26 > 365), D26, "") | Y49: =IF(AND( C26="Buy", W26<>"", AA26<>"", B26<>"DIV"), Z26/SUM(F26:I26), "") | AC49: =IF(B26="DIV", F26,"")
A50: 44950 | B50: NSE | C50: Buy | D50: 10 | E50: 229.253 | F50: 2308.77 | G50: ~ | H50: 2.28 | I50: 13.99 | J50: =Index!$C$2 | L50: =IF(AND( C27="Buy", ISBLANK(W27), B27<>"DIV"), (1-Index!$F$2*2)*((J27*D27)-(E27*D27)), "") | M50: =IF(AND( C27="Buy", ISBLANK(W27), B27<>"DIV"), ((E27*D27)+L27), "") | N50: =IF(AND( C27="Buy", ISBLANK(W27), B27<>"DIV"), D27, "") | P50: =IF(AND( C27="Buy", ISBLANK(W27), B27<>"DIV", NOW()-A27 < 365), (1-Index!$F$2*2)*((J27*D27)-(E27*D27)), "") | Q50: =IF(AND( C27="Buy", ISBLANK(W27), B27<>"DIV", NOW()-A27 < 365), ((E27*D27)+P27), "") | R50: =IF(AND( C27="Buy", ISBLANK(W27), B27<>"DIV", NOW()-A27 < 365), D27, "") | T50: =IF(AND( C27="Buy", ISBLANK(W27), B27<>"DIV", NOW()-A27 > 365), (J27*D27)-(E27*D27)-(2*SUM(H27:I27)), "") | U50: =IF(AND( C27="Buy", ISBLANK(W27), B27<>"DIV", NOW()-A27 > 365), ((E27*D27)+T27), "") | V50: =IF(AND( C27="Buy", ISBLANK(W27), B27<>"DIV", NOW()-A27 > 365), D27, "") | W50: 274.54 | X50: 45183 | Y50: =IF(AND( C27="Buy", W27<>"", AA27<>"", B27<>"DIV"), Z27/SUM(F27:I27), "") | Z50: -7626.71 | AA50: 7735 | AB50: 20 | AC50: =IF(B27="DIV", F27,"")
A51: 44242 | B51: NSE | C51: Sell | D51: 400 | E51: 130.29705 | F51: 52480.04 | H51: 47.76 | I51: 313.42 | J51: =Index!$C$2 | L51: =IF(AND( C28="Buy", ISBLANK(W28), B28<>"DIV"), (1-Index!$F$2*2)*((J28*D28)-(E28*D28)), "") | M51: =IF(AND( C28="Buy", ISBLANK(W28), B28<>"DIV"), ((E28*D28)+L28), "") | N51: =IF(AND( C28="Buy", ISBLANK(W28), B28<>"DIV"), D28, "") | P51: =IF(AND( C28="Buy", ISBLANK(W28), B28<>"DIV", NOW()-A28 < 365), (1-Index!$F$2*2)*((J28*D28)-(E28*D28)), "") | Q51: =IF(AND( C28="Buy", ISBLANK(W28), B28<>"DIV", NOW()-A28 < 365), ((E28*D28)+P28), "") | R51: =IF(AND( C28="Buy", ISBLANK(W28), B28<>"DIV", NOW()-A28 < 365), D28, "") | T51: =IF(AND( C28="Buy", ISBLANK(W28), B28<>"DIV", NOW()-A28 > 365), (J28*D28)-(E28*D28)-(2*SUM(H28:I28)), "") | U51: =IF(AND( C28="Buy", ISBLANK(W28), B28<>"DIV", NOW()-A28 > 365), ((E28*D28)+T28), "") | V51: =IF(AND( C28="Buy", ISBLANK(W28), B28<>"DIV", NOW()-A28 > 365), D28, "") | Y51: =IF(AND( C28="Buy", W28<>"", AA28<>"", B28<>"DIV"), Z28/SUM(F28:I28), "") | AC51: =IF(B28="DIV", F28,"")
A52: 44239 | B52: NSE | C52: Sell | D52: 500 | E52: 132.34026 | F52: 66635.15 | H52: 67.13 | I52: 397.74 | J52: =Index!$C$2 | L52: =IF(AND(#REF!= "Buy", ISBLANK(#REF!),#REF!<> "DIV"), (1-Index!$F$2*2)*((#REF!*#REF!)-(#REF!*#REF!)), "") | M52: =IF(AND(#REF!= "Buy", ISBLANK(#REF!),#REF!<> "DIV"), ((#REF!*#REF!)+#REF!), "") | N52: =IF(AND(#REF!= "Buy", ISBLANK(#REF!),#REF!<> "DIV"),#REF!, "") | P52: =IF(AND(#REF!= "Buy", ISBLANK(#REF!),#REF!<> "DIV", NOW()-#REF! < 365), (1-Index!$F$2*2)*((#REF!*#REF!)-(#REF!*#REF!)), "") | Q52: =IF(AND(#REF!= "Buy", ISBLANK(#REF!),#REF!<> "DIV", NOW()-#REF! < 365), ((#REF!*#REF!)+#REF!), "") | R52: =IF(AND(#REF!= "Buy", ISBLANK(#REF!),#REF!<> "DIV", NOW()-#REF! < 365),#REF!, "") | T52: =IF(AND(#REF!= "Buy", ISBLANK(#REF!),#REF!<> "DIV", NOW()-#REF! > 365), (#REF!*#REF!)-(#REF!*#REF!)-(2*SUM(#REF!)), "") | U52: =IF(AND(#REF!= "Buy", ISBLANK(#REF!),#REF!<> "DIV", NOW()-#REF! > 365), ((#REF!*#REF!)+#REF!), "") | V52: =IF(AND(#REF!= "Buy", ISBLANK(#REF!),#REF!<> "DIV", NOW()-#REF! > 365),#REF!, "") | Y52: #REF! | AC52: =IF(#REF!="DIV",#REF!, "")
A53: 44154 | B53: DIV | C53: Buy | D53: 900 | E53: 7.5 | F53: 6750 | G53: Interim-Dividend of Rs.7.5000/- per share on Ex-Date: 19-NOV-2020 | H53: 0 | I53: 0 | J53: =Index!$C$2 | L53: =IF(AND(#REF!= "Buy", ISBLANK(#REF!),#REF!<> "DIV"), (1-Index!$F$2*2)*((#REF!*#REF!)-(#REF!*#REF!)), "") | M53: =IF(AND(#REF!= "Buy", ISBLANK(#REF!),#REF!<> "DIV"), ((#REF!*#REF!)+#REF!), "") | N53: =IF(AND(#REF!= "Buy", ISBLANK(#REF!),#REF!<> "DIV"),#REF!, "") | P53: =IF(AND(#REF!= "Buy", ISBLANK(#REF!),#REF!<> "DIV", NOW()-#REF! < 365), (1-Index!$F$2*2)*((#REF!*#REF!)-(#REF!*#REF!)), "") | Q53: =IF(AND(#REF!= "Buy", ISBLANK(#REF!),#REF!<> "DIV", NOW()-#REF! < 365), ((#REF!*#REF!)+#REF!), "") | R53: =IF(AND(#REF!= "Buy", ISBLANK(#REF!),#REF!<> "DIV", NOW()-#REF! < 365),#REF!, "") | T53: =IF(AND(#REF!= "Buy", ISBLANK(#REF!),#REF!<> "DIV", NOW()-#REF! > 365), (#REF!*#REF!)-(#REF!*#REF!)-(2*SUM(#REF!)), "") | U53: =IF(AND(#REF!= "Buy", ISBLANK(#REF!),#REF!<> "DIV", NOW()-#REF! > 365), ((#REF!*#REF!)+#REF!), "") | V53: =IF(AND(#REF!= "Buy", ISBLANK(#REF!),#REF!<> "DIV", NOW()-#REF! > 365),#REF!, "") | Y53: #REF! | AC53: =IF(#REF!="DIV",#REF!, "")
A54: 44152 | B54: NSE | C54: Buy | D54: 50 | E54: 128.7452 | F54: 6481.74 | H54: 5.23 | I54: 39.01 | J54: =Index!$C$2 | L54: =IF(AND(#REF!= "Buy", ISBLANK(#REF!),#REF!<> "DIV"), (1-Index!$F$2*2)*((#REF!*#REF!)-(#REF!*#REF!)), "") | M54: =IF(AND(#REF!= "Buy", ISBLANK(#REF!),#REF!<> "DIV"), ((#REF!*#REF!)+#REF!), "") | N54: =IF(AND(#REF!= "Buy", ISBLANK(#REF!),#REF!<> "DIV"),#REF!, "") | P54: =IF(AND(#REF!= "Buy", ISBLANK(#REF!),#REF!<> "DIV", NOW()-#REF! < 365), (1-Index!$F$2*2)*((#REF!*#REF!)-(#REF!*#REF!)), "") | Q54: =IF(AND(#REF!= "Buy", ISBLANK(#REF!),#REF!<> "DIV", NOW()-#REF! < 365), ((#REF!*#REF!)+#REF!), "") | R54: =IF(AND(#REF!= "Buy", ISBLANK(#REF!),#REF!<> "DIV", NOW()-#REF! < 365),#REF!, "") | T54: =IF(AND(#REF!= "Buy", ISBLANK(#REF!),#REF!<> "DIV", NOW()-#REF! > 365), (#REF!*#REF!)-(#REF!*#REF!)-(2*SUM(#REF!)), "") | U54: =IF(AND(#REF!= "Buy", ISBLANK(#REF!),#REF!<> "DIV", NOW()-#REF! > 365), ((#REF!*#REF!)+#REF!), "") | V54: =IF(AND(#REF!= "Buy", ISBLANK(#REF!),#REF!<> "DIV", NOW()-#REF! > 365),#REF!, "") | W54: 130.3 | X54: 44242 | Y54: #REF! | Z54: #REF! | AA54: #REF! | AB54: #REF! | AC54: =IF(#REF!="DIV",#REF!, "")
A55: 44138 | B55: NSE | C55: Buy | D55: 40 | E55: 116.70325 | F55: 4700.27 | H55: 4.39 | I55: 27.88 | J55: =Index!$C$2 | L55: =IF(AND( C29="Buy", ISBLANK(W29), B29<>"DIV"), (1-Index!$F$2*2)*((J29*D29)-(E29*D29)), "") | M55: =IF(AND( C29="Buy", ISBLANK(W29), B29<>"DIV"), ((E29*D29)+L29), "") | N55: =IF(AND( C29="Buy", ISBLANK(W29), B29<>"DIV"), D29, "") | P55: =IF(AND( C29="Buy", ISBLANK(W29), B29<>"DIV", NOW()-A29 < 365), (1-Index!$F$2*2)*((J29*D29)-(E29*D29)), "") | Q55: =IF(AND( C29="Buy", ISBLANK(W29), B29<>"DIV", NOW()-A29 < 365), ((E29*D29)+P29), "") | R55: =IF(AND( C29="Buy", ISBLANK(W29), B29<>"DIV", NOW()-A29 < 365), D29, "") | T55: =IF(AND( C29="Buy", ISBLANK(W29), B29<>"DIV", NOW()-A29 > 365), (J29*D29)-(E29*D29)-(2*SUM(H29:I29)), "") | U55: =IF(AND( C29="Buy", ISBLANK(W29), B29<>"DIV", NOW()-A29 > 365), ((E29*D29)+T29), "") | V55: =IF(AND( C29="Buy", ISBLANK(W29), B29<>"DIV", NOW()-A29 > 365), D29, "") | W55: 130.3 | X55: 44242 | Y55: =IF(AND( C29="Buy", W29<>"", AA29<>"", B29<>"DIV"), Z29/SUM(F29:I29), "") | Z55: -507.79 | AA55: 515 | AB55: 100 | AC55: =IF(B29="DIV", F29,"")
A56: 44133 | B56: NSE | C56: Buy | D56: 10 | E56: 111.55 | F56: 1123.1 | H56: 0.82 | I56: 6.78 | J56: =Index!$C$2 | L56: =IF(AND( C30="Buy", ISBLANK(W30), B30<>"DIV"), (1-Index!$F$2*2)*((J30*D30)-(E30*D30)), "") | M56: =IF(AND( C30="Buy", ISBLANK(W30), B30<>"DIV"), ((E30*D30)+L30), "") | N56: =IF(AND( C30="Buy", ISBLANK(W30), B30<>"DIV"), D30, "") | P56: =IF(AND( C30="Buy", ISBLANK(W30), B30<>"DIV", NOW()-A30 < 365), (1-Index!$F$2*2)*((J30*D30)-(E30*D30)), "") | Q56: =IF(AND( C30="Buy", ISBLANK(W30), B30<>"DIV", NOW()-A30 < 365), ((E30*D30)+P30), "") | R56: =IF(AND( C30="Buy", ISBLANK(W30), B30<>"DIV", NOW()-A30 < 365), D30, "") | T56: =IF(AND( C30="Buy", ISBLANK(W30), B30<>"DIV", NOW()-A30 > 365), (J30*D30)-(E30*D30)-(2*SUM(H30:I30)), "") | U56: =IF(AND( C30="Buy", ISBLANK(W30), B30<>"DIV", NOW()-A30 > 365), ((E30*D30)+T30), "") | V56: =IF(AND( C30="Buy", ISBLANK(W30), B30<>"DIV", NOW()-A30 > 365), D30, "") | W56: 130.3 | X56: 44242 | Y56: =IF(AND( C30="Buy", W30<>"", AA30<>"", B30<>"DIV"), Z30/SUM(F30:I30), "") | Z56: -542.3 | AA56: 550 | AB56: 100 | AC56: =IF(B30="DIV", F30,"")
A57: 44050 | B57: NSE | C57: Buy | D57: 30 | E57: 129.40033 | F57: 3909.29 | H57: 3.86 | I57: 23.43 | J57: =Index!$C$2 | L57: =IF(AND( C31="Buy", ISBLANK(W31), B31<>"DIV"), (1-Index!$F$2*2)*((J31*D31)-(E31*D31)), "") | M57: =IF(AND( C31="Buy", ISBLANK(W31), B31<>"DIV"), ((E31*D31)+L31), "") | N57: =IF(AND( C31="Buy", ISBLANK(W31), B31<>"DIV"), D31, "") | P57: =IF(AND( C31="Buy", ISBLANK(W31), B31<>"DIV", NOW()-A31 < 365), (1-Index!$F$2*2)*((J31*D31)-(E31*D31)), "") | Q57: =IF(AND( C31="Buy", ISBLANK(W31), B31<>"DIV", NOW()-A31 < 365), ((E31*D31)+P31), "") | R57: =IF(AND( C31="Buy", ISBLANK(W31), B31<>"DIV", NOW()-A31 < 365), D31, "") | T57: =IF(AND( C31="Buy", ISBLANK(W31), B31<>"DIV", NOW()-A31 > 365), (J31*D31)-(E31*D31)-(2*SUM(H31:I31)), "") | U57: =IF(AND( C31="Buy", ISBLANK(W31), B31<>"DIV", NOW()-A31 > 365), ((E31*D31)+T31), "") | V57: =IF(AND( C31="Buy", ISBLANK(W31), B31<>"DIV", NOW()-A31 > 365), D31, "") | W57: 130.3 | X57: 44242 | Y57: =IF(AND( C31="Buy", W31<>"", AA31<>"", B31<>"DIV"), Z31/SUM(F31:I31), "") | Z57: -11757.754 | AA57: 11924.7 | AB57: 30 | AC57: =IF(B31="DIV", F31,"")
A58: 44043 | B58: NSE | C58: Buy | D58: 10 | E58: 128.099 | F58: 1290.11 | H58: 1.3 | I58: 7.81 | J58: =Index!$C$2 | L58: =IF(AND( C32="Buy", ISBLANK(W32), B32<>"DIV"), (1-Index!$F$2*2)*((J32*D32)-(E32*D32)), "") | M58: =IF(AND( C32="Buy", ISBLANK(W32), B32<>"DIV"), ((E32*D32)+L32), "") | N58: =IF(AND( C32="Buy", ISBLANK(W32), B32<>"DIV"), D32, "") | P58: =IF(AND( C32="Buy", ISBLANK(W32), B32<>"DIV", NOW()-A32 < 365), (1-Index!$F$2*2)*((J32*D32)-(E32*D32)), "") | Q58: =IF(AND( C32="Buy", ISBLANK(W32), B32<>"DIV", NOW()-A32 < 365), ((E32*D32)+P32), "") | R58: =IF(AND( C32="Buy", ISBLANK(W32), B32<>"DIV", NOW()-A32 < 365), D32, "") | T58: =IF(AND( C32="Buy", ISBLANK(W32), B32<>"DIV", NOW()-A32 > 365), (J32*D32)-(E32*D32)-(2*SUM(H32:I32)), "") | U58: =IF(AND( C32="Buy", ISBLANK(W32), B32<>"DIV", NOW()-A32 > 365), ((E32*D32)+T32), "") | V58: =IF(AND( C32="Buy", ISBLANK(W32), B32<>"DIV", NOW()-A32 > 365), D32, "") | W58: 130.3 | X58: 44242 | Y58: =IF(AND( C32="Buy", W32<>"", AA32<>"", B32<>"DIV"), Z32/SUM(F32:I32), "") | Z58: -3963.1284 | AA58: 4019.4 | AB58: 10 | AC58: =IF(B32="DIV", F32,"")
A59: 44040 | B59: NSE | C59: Buy | D59: 10 | E59: 129.199 | F59: 1301.21 | H59: 1.29 | I59: 7.92 | J59: =Index!$C$2 | L59: =IF(AND( C33="Buy", ISBLANK(W33), B33<>"DIV"), (1-Index!$F$2*2)*((J33*D33)-(E33*D33)), "") | M59: =IF(AND( C33="Buy", ISBLANK(W33), B33<>"DIV"), ((E33*D33)+L33), "") | N59: =IF(AND( C33="Buy", ISBLANK(W33), B33<>"DIV"), D33, "") | P59: =IF(AND( C33="Buy", ISBLANK(W33), B33<>"DIV", NOW()-A33 < 365), (1-Index!$F$2*2)*((J33*D33)-(E33*D33)), "") | Q59: =IF(AND( C33="Buy", ISBLANK(W33), B33<>"DIV", NOW()-A33 < 365), ((E33*D33)+P33), "") | R59: =IF(AND( C33="Buy", ISBLANK(W33), B33<>"DIV", NOW()-A33 < 365), D33, "") | T59: =IF(AND( C33="Buy", ISBLANK(W33), B33<>"DIV", NOW()-A33 > 365), (J33*D33)-(E33*D33)-(2*SUM(H33:I33)), "") | U59: =IF(AND( C33="Buy", ISBLANK(W33), B33<>"DIV", NOW()-A33 > 365), ((E33*D33)+T33), "") | V59: =IF(AND( C33="Buy", ISBLANK(W33), B33<>"DIV", NOW()-A33 > 365), D33, "") | W59: 130.3 | X59: 44242 | Y59: =IF(AND( C33="Buy", W33<>"", AA33<>"", B33<>"DIV"), Z33/SUM(F33:I33), "") | Z59: -14068.642 | AA59: 14268.4 | AB59: 40 | AC59: =IF(B33="DIV", F33,"")
A60: 44036 | B60: NSE | C60: Buy | D60: 10 | E60: 131.054 | F60: 1319.76 | H60: 1.32 | I60: 7.94 | J60: =Index!$C$2 | L60: =IF(AND( C34="Buy", ISBLANK(W34), B34<>"DIV"), (1-Index!$F$2*2)*((J34*D34)-(E34*D34)), "") | M60: =IF(AND( C34="Buy", ISBLANK(W34), B34<>"DIV"), ((E34*D34)+L34), "") | N60: =IF(AND( C34="Buy", ISBLANK(W34), B34<>"DIV"), D34, "") | P60: =IF(AND( C34="Buy", ISBLANK(W34), B34<>"DIV", NOW()-A34 < 365), (1-Index!$F$2*2)*((J34*D34)-(E34*D34)), "") | Q60: =IF(AND( C34="Buy", ISBLANK(W34), B34<>"DIV", NOW()-A34 < 365), ((E34*D34)+P34), "") | R60: =IF(AND( C34="Buy", ISBLANK(W34), B34<>"DIV", NOW()-A34 < 365), D34, "") | T60: =IF(AND( C34="Buy", ISBLANK(W34), B34<>"DIV", NOW()-A34 > 365), (J34*D34)-(E34*D34)-(2*SUM(H34:I34)), "") | U60: =IF(AND( C34="Buy", ISBLANK(W34), B34<>"DIV", NOW()-A34 > 365), ((E34*D34)+T34), "") | V60: =IF(AND( C34="Buy", ISBLANK(W34), B34<>"DIV", NOW()-A34 > 365), D34, "") | W60: 130.3 | X60: 44242 | Y60: =IF(AND( C34="Buy", W34<>"", AA34<>"", B34<>"DIV"), Z34/SUM(F34:I34), "") | Z60: -3598.9986 | AA60: 3650.1 | AB60: 10 | AC60: =IF(B34="DIV", F34,"")
A61: 43948 | B61: NSE | C61: Buy | D61: 10 | E61: 138.1 | F61: 1387.9 | H61: 0 | I61: 6.9 | J61: =Index!$C$2 | L61: =IF(AND( C35="Buy", ISBLANK(W35), B35<>"DIV"), (1-Index!$F$2*2)*((J35*D35)-(E35*D35)), "") | M61: =IF(AND( C35="Buy", ISBLANK(W35), B35<>"DIV"), ((E35*D35)+L35), "") | N61: =IF(AND( C35="Buy", ISBLANK(W35), B35<>"DIV"), D35, "") | P61: =IF(AND( C35="Buy", ISBLANK(W35), B35<>"DIV", NOW()-A35 < 365), (1-Index!$F$2*2)*((J35*D35)-(E35*D35)), "") | Q61: =IF(AND( C35="Buy", ISBLANK(W35), B35<>"DIV", NOW()-A35 < 365), ((E35*D35)+P35), "") | R61: =IF(AND( C35="Buy", ISBLANK(W35), B35<>"DIV", NOW()-A35 < 365), D35, "") | T61: =IF(AND( C35="Buy", ISBLANK(W35), B35<>"DIV", NOW()-A35 > 365), (J35*D35)-(E35*D35)-(2*SUM(H35:I35)), "") | U61: =IF(AND( C35="Buy", ISBLANK(W35), B35<>"DIV", NOW()-A35 > 365), ((E35*D35)+T35), "") | V61: =IF(AND( C35="Buy", ISBLANK(W35), B35<>"DIV", NOW()-A35 > 365), D35, "") | W61: 130.3 | X61: 44242 | Y61: =IF(AND( C35="Buy", W35<>"", AA35<>"", B35<>"DIV"), Z35/SUM(F35:I35), "") | Z61: -3763.4634 | AA61: 3816.9 | AB61: 10 | AC61: =IF(B35="DIV", F35,"")
A62: 43944 | B62: NSE | C62: Buy | D62: 10 | E62: 142.3 | F62: 1430.1 | H62: 0 | I62: 7.1 | J62: =Index!$C$2 | L62: =IF(AND( C36="Buy", ISBLANK(W36), B36<>"DIV"), (1-Index!$F$2*2)*((J36*D36)-(E36*D36)), "") | M62: =IF(AND( C36="Buy", ISBLANK(W36), B36<>"DIV"), ((E36*D36)+L36), "") | N62: =IF(AND( C36="Buy", ISBLANK(W36), B36<>"DIV"), D36, "") | P62: =IF(AND( C36="Buy", ISBLANK(W36), B36<>"DIV", NOW()-A36 < 365), (1-Index!$F$2*2)*((J36*D36)-(E36*D36)), "") | Q62: =IF(AND( C36="Buy", ISBLANK(W36), B36<>"DIV", NOW()-A36 < 365), ((E36*D36)+P36), "") | R62: =IF(AND( C36="Buy", ISBLANK(W36), B36<>"DIV", NOW()-A36 < 365), D36, "") | T62: =IF(AND( C36="Buy", ISBLANK(W36), B36<>"DIV", NOW()-A36 > 365), (J36*D36)-(E36*D36)-(2*SUM(H36:I36)), "") | U62: =IF(AND( C36="Buy", ISBLANK(W36), B36<>"DIV", NOW()-A36 > 365), ((E36*D36)+T36), "") | V62: =IF(AND( C36="Buy", ISBLANK(W36), B36<>"DIV", NOW()-A36 > 365), D36, "") | W62: 130.3 | X62: 44242 | Y62: =IF(AND( C36="Buy", W36<>"", AA36<>"", B36<>"DIV"), Z36/SUM(F36:I36), "") | Z62: -3539.8386 | AA62: 3590.1 | AB62: 10 | AC62: =IF(B36="DIV", F36,"")
A63: 43921 | B63: NSE | C63: Buy | D63: 20 | E63: 138.696 | F63: 2793.48 | H63: 2.8 | I63: 16.68 | J63: =Index!$C$2 | L63: =IF(AND( C37="Buy", ISBLANK(W37), B37<>"DIV"), (1-Index!$F$2*2)*((J37*D37)-(E37*D37)), "") | M63: =IF(AND( C37="Buy", ISBLANK(W37), B37<>"DIV"), ((E37*D37)+L37), "") | N63: =IF(AND( C37="Buy", ISBLANK(W37), B37<>"DIV"), D37, "") | P63: =IF(AND( C37="Buy", ISBLANK(W37), B37<>"DIV", NOW()-A37 < 365), (1-Index!$F$2*2)*((J37*D37)-(E37*D37)), "") | Q63: =IF(AND( C37="Buy", ISBLANK(W37), B37<>"DIV", NOW()-A37 < 365), ((E37*D37)+P37), "") | R63: =IF(AND( C37="Buy", ISBLANK(W37), B37<>"DIV", NOW()-A37 < 365), D37, "") | T63: =IF(AND( C37="Buy", ISBLANK(W37), B37<>"DIV", NOW()-A37 > 365), (J37*D37)-(E37*D37)-(2*SUM(H37:I37)), "") | U63: =IF(AND( C37="Buy", ISBLANK(W37), B37<>"DIV", NOW()-A37 > 365), ((E37*D37)+T37), "") | V63: =IF(AND( C37="Buy", ISBLANK(W37), B37<>"DIV", NOW()-A37 > 365), D37, "") | W63: 130.3 | X63: 44242 | Y63: =IF(AND( C37="Buy", W37<>"", AA37<>"", B37<>"DIV"), Z37/SUM(F37:I37), "") | Z63: -150.365 | AA63: 152.5 | AB63: 10 | AC63: =IF(B37="DIV", F37,"")
A64: 43909 | B64: DIV | C64: Buy | D64: 700 | E64: 12 | F64: 8400 | G64: Interim-Dividend of Rs.12.0000/- per share on Ex-Date: 19-MAR-2020 | H64: 0 | I64: 0 | J64: =Index!$C$2 | L64: =IF(AND( C38="Buy", ISBLANK(W38), B38<>"DIV"), (1-Index!$F$2*2)*((J38*D38)-(E38*D38)), "") | M64: =IF(AND( C38="Buy", ISBLANK(W38), B38<>"DIV"), ((E38*D38)+L38), "") | N64: =IF(AND( C38="Buy", ISBLANK(W38), B38<>"DIV"), D38, "") | P64: =IF(AND( C38="Buy", ISBLANK(W38), B38<>"DIV", NOW()-A38 < 365), (1-Index!$F$2*2)*((J38*D38)-(E38*D38)), "") | Q64: =IF(AND( C38="Buy", ISBLANK(W38), B38<>"DIV", NOW()-A38 < 365), ((E38*D38)+P38), "") | R64: =IF(AND( C38="Buy", ISBLANK(W38), B38<>"DIV", NOW()-A38 < 365), D38, "") | T64: =IF(AND( C38="Buy", ISBLANK(W38), B38<>"DIV", NOW()-A38 > 365), (J38*D38)-(E38*D38)-(2*SUM(H38:I38)), "") | U64: =IF(AND( C38="Buy", ISBLANK(W38), B38<>"DIV", NOW()-A38 > 365), ((E38*D38)+T38), "") | V64: =IF(AND( C38="Buy", ISBLANK(W38), B38<>"DIV", NOW()-A38 > 365), D38, "") | Y64: =IF(AND( C38="Buy", W38<>"", AA38<>"", B38<>"DIV"), Z38/SUM(F38:I38), "") | AC64: =IF(B38="DIV", F38,"")
A65: 43895 | B65: NSE | C65: Buy | D65: 20 | E65: 173.699 | F65: 3498.42 | H65: 3.47 | I65: 20.95 | J65: =Index!$C$2 | L65: =IF(AND( C39="Buy", ISBLANK(W39), B39<>"DIV"), (1-Index!$F$2*2)*((J39*D39)-(E39*D39)), "") | M65: =IF(AND( C39="Buy", ISBLANK(W39), B39<>"DIV"), ((E39*D39)+L39), "") | N65: =IF(AND( C39="Buy", ISBLANK(W39), B39<>"DIV"), D39, "") | P65: =IF(AND( C39="Buy", ISBLANK(W39), B39<>"DIV", NOW()-A39 < 365), (1-Index!$F$2*2)*((J39*D39)-(E39*D39)), "") | Q65: =IF(AND( C39="Buy", ISBLANK(W39), B39<>"DIV", NOW()-A39 < 365), ((E39*D39)+P39), "") | R65: =IF(AND( C39="Buy", ISBLANK(W39), B39<>"DIV", NOW()-A39 < 365), D39, "") | T65: =IF(AND( C39="Buy", ISBLANK(W39), B39<>"DIV", NOW()-A39 > 365), (J39*D39)-(E39*D39)-(2*SUM(H39:I39)), "") | U65: =IF(AND( C39="Buy", ISBLANK(W39), B39<>"DIV", NOW()-A39 > 365), ((E39*D39)+T39), "") | V65: =IF(AND( C39="Buy", ISBLANK(W39), B39<>"DIV", NOW()-A39 > 365), D39, "") | W65: 130.3 | X65: 44242 | Y65: =IF(AND( C39="Buy", W39<>"", AA39<>"", B39<>"DIV"), Z39/SUM(F39:I39), "") | Z65: -17865.965 | AA65: 18119.64 | AB65: 66 | AC65: =IF(B39="DIV", F39,"")
A66: 43894 | B66: NSE | C66: Buy | D66: 80 | E66: 177.94575 | F66: 14333.14 | H66: 10.99 | I66: 86.15 | J66: =Index!$C$2 | L66: =IF(AND( C40="Buy", ISBLANK(W40), B40<>"DIV"), (1-Index!$F$2*2)*((J40*D40)-(E40*D40)), "") | M66: =IF(AND( C40="Buy", ISBLANK(W40), B40<>"DIV"), ((E40*D40)+L40), "") | N66: =IF(AND( C40="Buy", ISBLANK(W40), B40<>"DIV"), D40, "") | P66: =IF(AND( C40="Buy", ISBLANK(W40), B40<>"DIV", NOW()-A40 < 365), (1-Index!$F$2*2)*((J40*D40)-(E40*D40)), "") | Q66: =IF(AND( C40="Buy", ISBLANK(W40), B40<>"DIV", NOW()-A40 < 365), ((E40*D40)+P40), "") | R66: =IF(AND( C40="Buy", ISBLANK(W40), B40<>"DIV", NOW()-A40 < 365), D40, "") | T66: =IF(AND( C40="Buy", ISBLANK(W40), B40<>"DIV", NOW()-A40 > 365), (J40*D40)-(E40*D40)-(2*SUM(H40:I40)), "") | U66: =IF(AND( C40="Buy", ISBLANK(W40), B40<>"DIV", NOW()-A40 > 365), ((E40*D40)+T40), "") | V66: =IF(AND( C40="Buy", ISBLANK(W40), B40<>"DIV", NOW()-A40 > 365), D40, "") | W66: 130.3 | X66: 44242 | Y66: =IF(AND( C40="Buy", W40<>"", AA40<>"", B40<>"DIV"), Z40/SUM(F40:I40), "") | Z66: -8391.5699 | AA66: 8510.72 | AB66: 31 | AC66: =IF(B40="DIV", F40,"")
A67: 43892 | B67: NSE | C67: Buy | D67: 100 | E67: 172.5025 | F67: 17370.75 | H67: 17.25 | I67: 103.5 | J67: =Index!$C$2 | L67: =IF(AND( C41="Buy", ISBLANK(W41), B41<>"DIV"), (1-Index!$F$2*2)*((J41*D41)-(E41*D41)), "") | M67: =IF(AND( C41="Buy", ISBLANK(W41), B41<>"DIV"), ((E41*D41)+L41), "") | N67: =IF(AND( C41="Buy", ISBLANK(W41), B41<>"DIV"), D41, "") | P67: =IF(AND( C41="Buy", ISBLANK(W41), B41<>"DIV", NOW()-A41 < 365), (1-Index!$F$2*2)*((J41*D41)-(E41*D41)), "") | Q67: =IF(AND( C41="Buy", ISBLANK(W41), B41<>"DIV", NOW()-A41 < 365), ((E41*D41)+P41), "") | R67: =IF(AND( C41="Buy", ISBLANK(W41), B41<>"DIV", NOW()-A41 < 365), D41, "") | T67: =IF(AND( C41="Buy", ISBLANK(W41), B41<>"DIV", NOW()-A41 > 365), (J41*D41)-(E41*D41)-(2*SUM(H41:I41)), "") | U67: =IF(AND( C41="Buy", ISBLANK(W41), B41<>"DIV", NOW()-A41 > 365), ((E41*D41)+T41), "") | V67: =IF(AND( C41="Buy", ISBLANK(W41), B41<>"DIV", NOW()-A41 > 365), D41, "") | W67: 130.3 | X67: 44242 | Y67: -0.15407025 | Z67: 2820.2755 | AA67: 362.0513 | AB67: 10 | AC67: =IF(B41="DIV", F41,"")
A68: 43892 | B68: NSE | C68: Buy | D68: 20 | E68: 172.5025 | F68: 3474.15 | H68: 3.45 | I68: 20.7 | J68: =Index!$C$2 | L68: =IF(AND( C42="Buy", ISBLANK(W42), B42<>"DIV"), (1-Index!$F$2*2)*((J42*D42)-(E42*D42)), "") | M68: =IF(AND( C42="Buy", ISBLANK(W42), B42<>"DIV"), ((E42*D42)+L42), "") | N68: =IF(AND( C42="Buy", ISBLANK(W42), B42<>"DIV"), D42, "") | P68: =IF(AND( C42="Buy", ISBLANK(W42), B42<>"DIV", NOW()-A42 < 365), (1-Index!$F$2*2)*((J42*D42)-(E42*D42)), "") | Q68: =IF(AND( C42="Buy", ISBLANK(W42), B42<>"DIV", NOW()-A42 < 365), ((E42*D42)+P42), "") | R68: =IF(AND( C42="Buy", ISBLANK(W42), B42<>"DIV", NOW()-A42 < 365), D42, "") | T68: =IF(AND( C42="Buy", ISBLANK(W42), B42<>"DIV", NOW()-A42 > 365), (J42*D42)-(E42*D42)-(2*SUM(H42:I42)), "") | U68: =IF(AND( C42="Buy", ISBLANK(W42), B42<>"DIV", NOW()-A42 > 365), ((E42*D42)+T42), "") | V68: =IF(AND( C42="Buy", ISBLANK(W42), B42<>"DIV", NOW()-A42 > 365), D42, "") | W68: 132.34 | X68: 44239 | Y68: -0.70055423 | Z68: 2389.5907 | AA68: -242.2783 | AB68: 20 | AC68: =IF(B42="DIV", F42,"")
A69: 43889 | B69: NSE | C69: Buy | D69: 30 | E69: 170.05433 | F69: 5137.37 | H69: 5.11 | I69: 30.76 | J69: =Index!$C$2 | L69: =IF(AND( C43="Buy", ISBLANK(W43), B43<>"DIV"), (1-Index!$F$2*2)*((J43*D43)-(E43*D43)), "") | M69: =IF(AND( C43="Buy", ISBLANK(W43), B43<>"DIV"), ((E43*D43)+L43), "") | N69: =IF(AND( C43="Buy", ISBLANK(W43), B43<>"DIV"), D43, "") | P69: =IF(AND( C43="Buy", ISBLANK(W43), B43<>"DIV", NOW()-A43 < 365), (1-Index!$F$2*2)*((J43*D43)-(E43*D43)), "") | Q69: =IF(AND( C43="Buy", ISBLANK(W43), B43<>"DIV", NOW()-A43 < 365), ((E43*D43)+P43), "") | R69: =IF(AND( C43="Buy", ISBLANK(W43), B43<>"DIV", NOW()-A43 < 365), D43, "") | T69: =IF(AND( C43="Buy", ISBLANK(W43), B43<>"DIV", NOW()-A43 > 365), (J43*D43)-(E43*D43)-(2*SUM(H43:I43)), "") | U69: =IF(AND( C43="Buy", ISBLANK(W43), B43<>"DIV", NOW()-A43 > 365), ((E43*D43)+T43), "") | V69: =IF(AND( C43="Buy", ISBLANK(W43), B43<>"DIV", NOW()-A43 > 365), D43, "") | W69: 132.34 | X69: 44239 | Y69: =IF(AND( C43="Buy", W43<>"", AA43<>"", B43<>"DIV"), Z43/SUM(F43:I43), "") | Z69: -315.52 | AA69: 320 | AB69: 80 | AC69: =IF(B43="DIV", F43,"")
A70: 43881 | B70: NSE | C70: Buy | D70: 30 | E70: 177.14733 | F70: 5352.08 | H70: 5.38 | I70: 32.2 | J70: =Index!$C$2 | L70: =IF(AND( C44="Buy", ISBLANK(W44), B44<>"DIV"), (1-Index!$F$2*2)*((J44*D44)-(E44*D44)), "") | M70: =IF(AND( C44="Buy", ISBLANK(W44), B44<>"DIV"), ((E44*D44)+L44), "") | N70: =IF(AND( C44="Buy", ISBLANK(W44), B44<>"DIV"), D44, "") | P70: =IF(AND( C44="Buy", ISBLANK(W44), B44<>"DIV", NOW()-A44 < 365), (1-Index!$F$2*2)*((J44*D44)-(E44*D44)), "") | Q70: =IF(AND( C44="Buy", ISBLANK(W44), B44<>"DIV", NOW()-A44 < 365), ((E44*D44)+P44), "") | R70: =IF(AND( C44="Buy", ISBLANK(W44), B44<>"DIV", NOW()-A44 < 365), D44, "") | T70: =IF(AND( C44="Buy", ISBLANK(W44), B44<>"DIV", NOW()-A44 > 365), (J44*D44)-(E44*D44)-(2*SUM(H44:I44)), "") | U70: =IF(AND( C44="Buy", ISBLANK(W44), B44<>"DIV", NOW()-A44 > 365), ((E44*D44)+T44), "") | V70: =IF(AND( C44="Buy", ISBLANK(W44), B44<>"DIV", NOW()-A44 > 365), D44, "") | W70: 132.34 | X70: 44239 | Y70: -1.6870036 | Z70: 449.5667 | AA70: -1627.435 | AB70: 10 | AC70: =IF(B44="DIV", F44,"")
A71: 43879 | B71: NSE | C71: Buy | D71: 20 | E71: 169.0015 | F71: 3403.77 | H71: 3.37 | I71: 20.4 | J71: =Index!$C$2 | L71: =IF(AND( C45="Buy", ISBLANK(W45), B45<>"DIV"), (1-Index!$F$2*2)*((J45*D45)-(E45*D45)), "") | M71: =IF(AND( C45="Buy", ISBLANK(W45), B45<>"DIV"), ((E45*D45)+L45), "") | N71: =IF(AND( C45="Buy", ISBLANK(W45), B45<>"DIV"), D45, "") | P71: =IF(AND( C45="Buy", ISBLANK(W45), B45<>"DIV", NOW()-A45 < 365), (1-Index!$F$2*2)*((J45*D45)-(E45*D45)), "") | Q71: =IF(AND( C45="Buy", ISBLANK(W45), B45<>"DIV", NOW()-A45 < 365), ((E45*D45)+P45), "") | R71: =IF(AND( C45="Buy", ISBLANK(W45), B45<>"DIV", NOW()-A45 < 365), D45, "") | T71: =IF(AND( C45="Buy", ISBLANK(W45), B45<>"DIV", NOW()-A45 > 365), (J45*D45)-(E45*D45)-(2*SUM(H45:I45)), "") | U71: =IF(AND( C45="Buy", ISBLANK(W45), B45<>"DIV", NOW()-A45 > 365), ((E45*D45)+T45), "") | V71: =IF(AND( C45="Buy", ISBLANK(W45), B45<>"DIV", NOW()-A45 > 365), D45, "") | W71: 132.34 | X71: 44239 | Y71: -0.33478287 | Z71: 2230.1447 | AA71: 7572.462 | AB71: 50 | AC71: =IF(B45="DIV", F45,"")
A72: 43845 | B72: NSE | C72: Buy | D72: 10 | E72: 212.399 | F72: 2138.91 | H72: 2.14 | I72: 12.77 | J72: =Index!$C$2 | L72: =IF(AND( C46="Buy", ISBLANK(W46), B46<>"DIV"), (1-Index!$F$2*2)*((J46*D46)-(E46*D46)), "") | M72: =IF(AND( C46="Buy", ISBLANK(W46), B46<>"DIV"), ((E46*D46)+L46), "") | N72: =IF(AND( C46="Buy", ISBLANK(W46), B46<>"DIV"), D46, "") | P72: =IF(AND( C46="Buy", ISBLANK(W46), B46<>"DIV", NOW()-A46 < 365), (1-Index!$F$2*2)*((J46*D46)-(E46*D46)), "") | Q72: =IF(AND( C46="Buy", ISBLANK(W46), B46<>"DIV", NOW()-A46 < 365), ((E46*D46)+P46), "") | R72: =IF(AND( C46="Buy", ISBLANK(W46), B46<>"DIV", NOW()-A46 < 365), D46, "") | T72: =IF(AND( C46="Buy", ISBLANK(W46), B46<>"DIV", NOW()-A46 > 365), (J46*D46)-(E46*D46)-(2*SUM(H46:I46)), "") | U72: =IF(AND( C46="Buy", ISBLANK(W46), B46<>"DIV", NOW()-A46 > 365), ((E46*D46)+T46), "") | V72: =IF(AND( C46="Buy", ISBLANK(W46), B46<>"DIV", NOW()-A46 > 365), D46, "") | W72: 132.34 | X72: 44239 | Y72: -1.6514539 | Z72: 428.77196 | AA72: -1559.51 | AB72: 10 | AC72: =IF(B46="DIV", F46,"")
A73: 43844 | B73: NSE | C73: Buy | D73: 20 | E73: 211.9035 | F73: 4267.73 | H73: 4.22 | I73: 25.51 | J73: =Index!$C$2 | L73: =IF(AND( C47="Buy", ISBLANK(W47), B47<>"DIV"), (1-Index!$F$2*2)*((J47*D47)-(E47*D47)), "") | M73: =IF(AND( C47="Buy", ISBLANK(W47), B47<>"DIV"), ((E47*D47)+L47), "") | N73: =IF(AND( C47="Buy", ISBLANK(W47), B47<>"DIV"), D47, "") | P73: =IF(AND( C47="Buy", ISBLANK(W47), B47<>"DIV", NOW()-A47 < 365), (1-Index!$F$2*2)*((J47*D47)-(E47*D47)), "") | Q73: =IF(AND( C47="Buy", ISBLANK(W47), B47<>"DIV", NOW()-A47 < 365), ((E47*D47)+P47), "") | R73: =IF(AND( C47="Buy", ISBLANK(W47), B47<>"DIV", NOW()-A47 < 365), D47, "") | T73: =IF(AND( C47="Buy", ISBLANK(W47), B47<>"DIV", NOW()-A47 > 365), (J47*D47)-(E47*D47)-(2*SUM(H47:I47)), "") | U73: =IF(AND( C47="Buy", ISBLANK(W47), B47<>"DIV", NOW()-A47 > 365), ((E47*D47)+T47), "") | V73: =IF(AND( C47="Buy", ISBLANK(W47), B47<>"DIV", NOW()-A47 > 365), D47, "") | W73: 132.34 | X73: 44239 | Y73: =IF(AND( C47="Buy", W47<>"", AA47<>"", B47<>"DIV"), Z47/SUM(F47:I47), "") | Z73: -51.765 | AA73: 52.5 | AB73: 10 | AC73: =IF(B47="DIV", F47,"")
A74: 43838 | B74: NSE | C74: Buy | D74: 20 | E74: 203.1 | F74: 4089.8 | H74: 3.28 | I74: 24.52 | J74: =Index!$C$2 | L74: =IF(AND( C48="Buy", ISBLANK(W48), B48<>"DIV"), (1-Index!$F$2*2)*((J48*D48)-(E48*D48)), "") | M74: =IF(AND( C48="Buy", ISBLANK(W48), B48<>"DIV"), ((E48*D48)+L48), "") | N74: =IF(AND( C48="Buy", ISBLANK(W48), B48<>"DIV"), D48, "") | P74: =IF(AND( C48="Buy", ISBLANK(W48), B48<>"DIV", NOW()-A48 < 365), (1-Index!$F$2*2)*((J48*D48)-(E48*D48)), "") | Q74: =IF(AND( C48="Buy", ISBLANK(W48), B48<>"DIV", NOW()-A48 < 365), ((E48*D48)+P48), "") | R74: =IF(AND( C48="Buy", ISBLANK(W48), B48<>"DIV", NOW()-A48 < 365), D48, "") | T74: =IF(AND( C48="Buy", ISBLANK(W48), B48<>"DIV", NOW()-A48 > 365), (J48*D48)-(E48*D48)-(2*SUM(H48:I48)), "") | U74: =IF(AND( C48="Buy", ISBLANK(W48), B48<>"DIV", NOW()-A48 > 365), ((E48*D48)+T48), "") | V74: =IF(AND( C48="Buy", ISBLANK(W48), B48<>"DIV", NOW()-A48 > 365), D48, "") | W74: 132.34 | X74: 44239 | Y74: -3.2802489 | Z74: 446.52982 | AA74: -5334.18 | AB74: 10 | AC74: =IF(B48="DIV", F48,"")
A75: 43837 | B75: NSE | C75: Buy | D75: 30 | E75: 206.80067 | F75: 6243.58 | H75: 2.46 | I75: 37.12 | J75: =Index!$C$2 | L75: =IF(AND( C49="Buy", ISBLANK(W49), B49<>"DIV"), (1-Index!$F$2*2)*((J49*D49)-(E49*D49)), "") | M75: =IF(AND( C49="Buy", ISBLANK(W49), B49<>"DIV"), ((E49*D49)+L49), "") | N75: =IF(AND( C49="Buy", ISBLANK(W49), B49<>"DIV"), D49, "") | P75: =IF(AND( C49="Buy", ISBLANK(W49), B49<>"DIV", NOW()-A49 < 365), (1-Index!$F$2*2)*((J49*D49)-(E49*D49)), "") | Q75: =IF(AND( C49="Buy", ISBLANK(W49), B49<>"DIV", NOW()-A49 < 365), ((E49*D49)+P49), "") | R75: =IF(AND( C49="Buy", ISBLANK(W49), B49<>"DIV", NOW()-A49 < 365), D49, "") | T75: =IF(AND( C49="Buy", ISBLANK(W49), B49<>"DIV", NOW()-A49 > 365), (J49*D49)-(E49*D49)-(2*SUM(H49:I49)), "") | U75: =IF(AND( C49="Buy", ISBLANK(W49), B49<>"DIV", NOW()-A49 > 365), ((E49*D49)+T49), "") | V75: =IF(AND( C49="Buy", ISBLANK(W49), B49<>"DIV", NOW()-A49 > 365), D49, "") | W75: 132.34 | X75: 44239 | Y75: =IF(AND( C49="Buy", W49<>"", AA49<>"", B49<>"DIV"), Z49/SUM(F49:I49), "") | Z75: -51389.157 | AA75: 52118.82 | AB75: 400 | AC75: =IF(B49="DIV", F49,"")
A76: 43836 | B76: NSE | C76: Buy | D76: 10 | E76: 204.701 | F76: 2061.39 | H76: 2.01 | I76: 12.38 | J76: =Index!$C$2 | L76: =IF(AND( C50="Buy", ISBLANK(W50), B50<>"DIV"), (1-Index!$F$2*2)*((J50*D50)-(E50*D50)), "") | M76: =IF(AND( C50="Buy", ISBLANK(W50), B50<>"DIV"), ((E50*D50)+L50), "") | N76: =IF(AND( C50="Buy", ISBLANK(W50), B50<>"DIV"), D50, "") | P76: =IF(AND( C50="Buy", ISBLANK(W50), B50<>"DIV", NOW()-A50 < 365), (1-Index!$F$2*2)*((J50*D50)-(E50*D50)), "") | Q76: =IF(AND( C50="Buy", ISBLANK(W50), B50<>"DIV", NOW()-A50 < 365), ((E50*D50)+P50), "") | R76: =IF(AND( C50="Buy", ISBLANK(W50), B50<>"DIV", NOW()-A50 < 365), D50, "") | T76: =IF(AND( C50="Buy", ISBLANK(W50), B50<>"DIV", NOW()-A50 > 365), (J50*D50)-(E50*D50)-(2*SUM(H50:I50)), "") | U76: =IF(AND( C50="Buy", ISBLANK(W50), B50<>"DIV", NOW()-A50 > 365), ((E50*D50)+T50), "") | V76: =IF(AND( C50="Buy", ISBLANK(W50), B50<>"DIV", NOW()-A50 > 365), D50, "") | W76: 132.34 | X76: 44239 | Y76: =IF(AND( C50="Buy", W50<>"", AA50<>"", B50<>"DIV"), Z50/SUM(F50:I50), "") | Z76: -65243.748 | AA76: 66170.13 | AB76: 500 | AC76: =IF(B50="DIV", F50,"")
A77: 43832 | B77: NSE | C77: Buy | D77: 20 | E77: 210.3515 | F77: 4236.37 | H77: 4.14 | I77: 25.23 | J77: =Index!$C$2 | L77: =IF(AND( C51="Buy", ISBLANK(W51), B51<>"DIV"), (1-Index!$F$2*2)*((J51*D51)-(E51*D51)), "") | M77: =IF(AND( C51="Buy", ISBLANK(W51), B51<>"DIV"), ((E51*D51)+L51), "") | N77: =IF(AND( C51="Buy", ISBLANK(W51), B51<>"DIV"), D51, "") | P77: =IF(AND( C51="Buy", ISBLANK(W51), B51<>"DIV", NOW()-A51 < 365), (1-Index!$F$2*2)*((J51*D51)-(E51*D51)), "") | Q77: =IF(AND( C51="Buy", ISBLANK(W51), B51<>"DIV", NOW()-A51 < 365), ((E51*D51)+P51), "") | R77: =IF(AND( C51="Buy", ISBLANK(W51), B51<>"DIV", NOW()-A51 < 365), D51, "") | T77: =IF(AND( C51="Buy", ISBLANK(W51), B51<>"DIV", NOW()-A51 > 365), (J51*D51)-(E51*D51)-(2*SUM(H51:I51)), "") | U77: =IF(AND( C51="Buy", ISBLANK(W51), B51<>"DIV", NOW()-A51 > 365), ((E51*D51)+T51), "") | V77: =IF(AND( C51="Buy", ISBLANK(W51), B51<>"DIV", NOW()-A51 > 365), D51, "") | W77: 132.34 | X77: 44239 | Y77: =IF(AND( C51="Buy", W51<>"", AA51<>"", B51<>"DIV"), Z51/SUM(F51:I51), "") | Z77: -6655.5 | AA77: 6750 | AB77: 900 | AC77: =IF(B51="DIV", F51,"")
A78: 43831 | B78: NSE | C78: Buy | D78: 10 | E78: 209.748 | F78: 2112.22 | H78: 2.11 | I78: 12.61 | J78: =Index!$C$2 | L78: =IF(AND( C52="Buy", ISBLANK(W52), B52<>"DIV"), (1-Index!$F$2*2)*((J52*D52)-(E52*D52)), "") | M78: =IF(AND( C52="Buy", ISBLANK(W52), B52<>"DIV"), ((E52*D52)+L52), "") | N78: =IF(AND( C52="Buy", ISBLANK(W52), B52<>"DIV"), D52, "") | P78: =IF(AND( C52="Buy", ISBLANK(W52), B52<>"DIV", NOW()-A52 < 365), (1-Index!$F$2*2)*((J52*D52)-(E52*D52)), "") | Q78: =IF(AND( C52="Buy", ISBLANK(W52), B52<>"DIV", NOW()-A52 < 365), ((E52*D52)+P52), "") | R78: =IF(AND( C52="Buy", ISBLANK(W52), B52<>"DIV", NOW()-A52 < 365), D52, "") | T78: =IF(AND( C52="Buy", ISBLANK(W52), B52<>"DIV", NOW()-A52 > 365), (J52*D52)-(E52*D52)-(2*SUM(H52:I52)), "") | U78: =IF(AND( C52="Buy", ISBLANK(W52), B52<>"DIV", NOW()-A52 > 365), ((E52*D52)+T52), "") | V78: =IF(AND( C52="Buy", ISBLANK(W52), B52<>"DIV", NOW()-A52 > 365), D52, "") | W78: 132.34 | X78: 44239 | Y78: #REF! | Z78: 76.65164 | AA78: #REF! | AB78: 50 | AC78: =IF(B52="DIV", F52,"")
A79: 43830 | B79: NSE | C79: Buy | D79: 10 | E79: 207.051 | F79: 2085.09 | H79: 2.07 | I79: 12.52 | J79: =Index!$C$2 | L79: =IF(AND( C53="Buy", ISBLANK(W53), B53<>"DIV"), (1-Index!$F$2*2)*((J53*D53)-(E53*D53)), "") | M79: =IF(AND( C53="Buy", ISBLANK(W53), B53<>"DIV"), ((E53*D53)+L53), "") | N79: =IF(AND( C53="Buy", ISBLANK(W53), B53<>"DIV"), D53, "") | P79: =IF(AND( C53="Buy", ISBLANK(W53), B53<>"DIV", NOW()-A53 < 365), (1-Index!$F$2*2)*((J53*D53)-(E53*D53)), "") | Q79: =IF(AND( C53="Buy", ISBLANK(W53), B53<>"DIV", NOW()-A53 < 365), ((E53*D53)+P53), "") | R79: =IF(AND( C53="Buy", ISBLANK(W53), B53<>"DIV", NOW()-A53 < 365), D53, "") | T79: =IF(AND( C53="Buy", ISBLANK(W53), B53<>"DIV", NOW()-A53 > 365), (J53*D53)-(E53*D53)-(2*SUM(H53:I53)), "") | U79: =IF(AND( C53="Buy", ISBLANK(W53), B53<>"DIV", NOW()-A53 > 365), ((E53*D53)+T53), "") | V79: =IF(AND( C53="Buy", ISBLANK(W53), B53<>"DIV", NOW()-A53 > 365), D53, "") | W79: 132.34 | X79: 44239 | Y79: -0.10729756 | Z79: 536.25582 | AA79: 4160.34 | AB79: 40 | AC79: =IF(B53="DIV", F53,"")
A80: 43825 | B80: NSE | C80: Buy | D80: 10 | E80: 197.699 | F80: 1990.91 | H80: 1.99 | I80: 11.92 | J80: =Index!$C$2 | L80: =IF(AND( C54="Buy", ISBLANK(W54), B54<>"DIV"), (1-Index!$F$2*2)*((J54*D54)-(E54*D54)), "") | M80: =IF(AND( C54="Buy", ISBLANK(W54), B54<>"DIV"), ((E54*D54)+L54), "") | N80: =IF(AND( C54="Buy", ISBLANK(W54), B54<>"DIV"), D54, "") | P80: =IF(AND( C54="Buy", ISBLANK(W54), B54<>"DIV", NOW()-A54 < 365), (1-Index!$F$2*2)*((J54*D54)-(E54*D54)), "") | Q80: =IF(AND( C54="Buy", ISBLANK(W54), B54<>"DIV", NOW()-A54 < 365), ((E54*D54)+P54), "") | R80: =IF(AND( C54="Buy", ISBLANK(W54), B54<>"DIV", NOW()-A54 < 365), D54, "") | T80: =IF(AND( C54="Buy", ISBLANK(W54), B54<>"DIV", NOW()-A54 > 365), (J54*D54)-(E54*D54)-(2*SUM(H54:I54)), "") | U80: =IF(AND( C54="Buy", ISBLANK(W54), B54<>"DIV", NOW()-A54 > 365), ((E54*D54)+T54), "") | V80: =IF(AND( C54="Buy", ISBLANK(W54), B54<>"DIV", NOW()-A54 > 365), D54, "") | W80: 132.34 | X80: 44239 | Y80: -0.4796144 | Z80: 184.875 | AA80: 573.2 | AB80: 10 | AC80: =IF(B54="DIV", F54,"")
A81: 43823 | B81: NSE | C81: Buy | D81: 10 | E81: 199.447 | F81: 2008.53 | H81: 2 | I81: 12.03 | J81: =Index!$C$2 | L81: =IF(AND( C55="Buy", ISBLANK(W55), B55<>"DIV"), (1-Index!$F$2*2)*((J55*D55)-(E55*D55)), "") | M81: =IF(AND( C55="Buy", ISBLANK(W55), B55<>"DIV"), ((E55*D55)+L55), "") | N81: =IF(AND( C55="Buy", ISBLANK(W55), B55<>"DIV"), D55, "") | P81: =IF(AND( C55="Buy", ISBLANK(W55), B55<>"DIV", NOW()-A55 < 365), (1-Index!$F$2*2)*((J55*D55)-(E55*D55)), "") | Q81: =IF(AND( C55="Buy", ISBLANK(W55), B55<>"DIV", NOW()-A55 < 365), ((E55*D55)+P55), "") | R81: =IF(AND( C55="Buy", ISBLANK(W55), B55<>"DIV", NOW()-A55 < 365), D55, "") | T81: =IF(AND( C55="Buy", ISBLANK(W55), B55<>"DIV", NOW()-A55 > 365), (J55*D55)-(E55*D55)-(2*SUM(H55:I55)), "") | U81: =IF(AND( C55="Buy", ISBLANK(W55), B55<>"DIV", NOW()-A55 > 365), ((E55*D55)+T55), "") | V81: =IF(AND( C55="Buy", ISBLANK(W55), B55<>"DIV", NOW()-A55 > 365), D55, "") | W81: 132.34 | X81: 44239 | Y81: -2.9867942 | Z81: 26.61215 | AA81: -7875.7442 | AB81: 30 | AC81: =IF(B55="DIV", F55,"")
A82: 43822 | B82: NSE | C82: Buy | D82: 30 | E82: 197.55 | F82: 5968.2 | H82: 5.97 | I82: 35.73 | J82: =Index!$C$2 | L82: =IF(AND( C56="Buy", ISBLANK(W56), B56<>"DIV"), (1-Index!$F$2*2)*((J56*D56)-(E56*D56)), "") | M82: =IF(AND( C56="Buy", ISBLANK(W56), B56<>"DIV"), ((E56*D56)+L56), "") | N82: =IF(AND( C56="Buy", ISBLANK(W56), B56<>"DIV"), D56, "") | P82: =IF(AND( C56="Buy", ISBLANK(W56), B56<>"DIV", NOW()-A56 < 365), (1-Index!$F$2*2)*((J56*D56)-(E56*D56)), "") | Q82: =IF(AND( C56="Buy", ISBLANK(W56), B56<>"DIV", NOW()-A56 < 365), ((E56*D56)+P56), "") | R82: =IF(AND( C56="Buy", ISBLANK(W56), B56<>"DIV", NOW()-A56 < 365), D56, "") | T82: =IF(AND( C56="Buy", ISBLANK(W56), B56<>"DIV", NOW()-A56 > 365), (J56*D56)-(E56*D56)-(2*SUM(H56:I56)), "") | U82: =IF(AND( C56="Buy", ISBLANK(W56), B56<>"DIV", NOW()-A56 > 365), ((E56*D56)+T56), "") | V82: =IF(AND( C56="Buy", ISBLANK(W56), B56<>"DIV", NOW()-A56 > 365), D56, "") | W82: 132.34 | X82: 44239 | Y82: -3.0503905 | Z82: 21.70186 | AA82: -2682.1384 | AB82: 10 | AC82: =IF(B56="DIV", F56,"")
A83: 43819 | B83: NSE | C83: Buy | D83: 20 | E83: 202.3985 | F83: 4076.43 | H83: 4.09 | I83: 24.34 | J83: =Index!$C$2 | L83: =IF(AND( C57="Buy", ISBLANK(W57), B57<>"DIV"), (1-Index!$F$2*2)*((J57*D57)-(E57*D57)), "") | M83: =IF(AND( C57="Buy", ISBLANK(W57), B57<>"DIV"), ((E57*D57)+L57), "") | N83: =IF(AND( C57="Buy", ISBLANK(W57), B57<>"DIV"), D57, "") | P83: =IF(AND( C57="Buy", ISBLANK(W57), B57<>"DIV", NOW()-A57 < 365), (1-Index!$F$2*2)*((J57*D57)-(E57*D57)), "") | Q83: =IF(AND( C57="Buy", ISBLANK(W57), B57<>"DIV", NOW()-A57 < 365), ((E57*D57)+P57), "") | R83: =IF(AND( C57="Buy", ISBLANK(W57), B57<>"DIV", NOW()-A57 < 365), D57, "") | T83: =IF(AND( C57="Buy", ISBLANK(W57), B57<>"DIV", NOW()-A57 > 365), (J57*D57)-(E57*D57)-(2*SUM(H57:I57)), "") | U83: =IF(AND( C57="Buy", ISBLANK(W57), B57<>"DIV", NOW()-A57 > 365), ((E57*D57)+T57), "") | V83: =IF(AND( C57="Buy", ISBLANK(W57), B57<>"DIV", NOW()-A57 > 365), D57, "") | W83: 132.34 | X83: 44239 | Y83: -10.73598 | Z83: 10.85586 | AA83: -12776.652 | AB83: 10 | AC83: =IF(B57="DIV", F57,"")
A84: 43812 | B84: NSE | C84: Buy | D84: 10 | E84: 194.447 | F84: 1957.63 | H84: 1.48 | I84: 11.65 | J84: =Index!$C$2 | L84: =IF(AND( C58="Buy", ISBLANK(W58), B58<>"DIV"), (1-Index!$F$2*2)*((J58*D58)-(E58*D58)), "") | M84: =IF(AND( C58="Buy", ISBLANK(W58), B58<>"DIV"), ((E58*D58)+L58), "") | N84: =IF(AND( C58="Buy", ISBLANK(W58), B58<>"DIV"), D58, "") | P84: =IF(AND( C58="Buy", ISBLANK(W58), B58<>"DIV", NOW()-A58 < 365), (1-Index!$F$2*2)*((J58*D58)-(E58*D58)), "") | Q84: =IF(AND( C58="Buy", ISBLANK(W58), B58<>"DIV", NOW()-A58 < 365), ((E58*D58)+P58), "") | R84: =IF(AND( C58="Buy", ISBLANK(W58), B58<>"DIV", NOW()-A58 < 365), D58, "") | T84: =IF(AND( C58="Buy", ISBLANK(W58), B58<>"DIV", NOW()-A58 > 365), (J58*D58)-(E58*D58)-(2*SUM(H58:I58)), "") | U84: =IF(AND( C58="Buy", ISBLANK(W58), B58<>"DIV", NOW()-A58 > 365), ((E58*D58)+T58), "") | V84: =IF(AND( C58="Buy", ISBLANK(W58), B58<>"DIV", NOW()-A58 > 365), D58, "") | W84: 132.34 | X84: 44239 | Y84: -2.7080094 | Z84: -7.43444 | AA84: -2288.4586 | AB84: 10 | AC84: =IF(B58="DIV", F58,"")
A85: 43798 | B85: NSE | C85: Buy | D85: 10 | E85: 207.101 | F85: 2084.89 | H85: 1.32 | I85: 12.57 | J85: =Index!$C$2 | L85: =IF(AND( C59="Buy", ISBLANK(W59), B59<>"DIV"), (1-Index!$F$2*2)*((J59*D59)-(E59*D59)), "") | M85: =IF(AND( C59="Buy", ISBLANK(W59), B59<>"DIV"), ((E59*D59)+L59), "") | N85: =IF(AND( C59="Buy", ISBLANK(W59), B59<>"DIV"), D59, "") | P85: =IF(AND( C59="Buy", ISBLANK(W59), B59<>"DIV", NOW()-A59 < 365), (1-Index!$F$2*2)*((J59*D59)-(E59*D59)), "") | Q85: =IF(AND( C59="Buy", ISBLANK(W59), B59<>"DIV", NOW()-A59 < 365), ((E59*D59)+P59), "") | R85: =IF(AND( C59="Buy", ISBLANK(W59), B59<>"DIV", NOW()-A59 < 365), D59, "") | T85: =IF(AND( C59="Buy", ISBLANK(W59), B59<>"DIV", NOW()-A59 > 365), (J59*D59)-(E59*D59)-(2*SUM(H59:I59)), "") | U85: =IF(AND( C59="Buy", ISBLANK(W59), B59<>"DIV", NOW()-A59 > 365), ((E59*D59)+T59), "") | V85: =IF(AND( C59="Buy", ISBLANK(W59), B59<>"DIV", NOW()-A59 > 365), D59, "") | W85: 132.34 | X85: 44239 | Y85: -2.6982101 | Z85: -76.908 | AA85: -2382.4634 | AB85: 10 | AC85: =IF(B59="DIV", F59,"")
A86: 43796 | B86: NSE | C86: Buy | D86: 10 | E86: 199.349 | F86: 2006.61 | H86: 1.12 | I86: 11.99 | J86: =Index!$C$2 | L86: =IF(AND( C60="Buy", ISBLANK(W60), B60<>"DIV"), (1-Index!$F$2*2)*((J60*D60)-(E60*D60)), "") | M86: =IF(AND( C60="Buy", ISBLANK(W60), B60<>"DIV"), ((E60*D60)+L60), "") | N86: =IF(AND( C60="Buy", ISBLANK(W60), B60<>"DIV"), D60, "") | P86: =IF(AND( C60="Buy", ISBLANK(W60), B60<>"DIV", NOW()-A60 < 365), (1-Index!$F$2*2)*((J60*D60)-(E60*D60)), "") | Q86: =IF(AND( C60="Buy", ISBLANK(W60), B60<>"DIV", NOW()-A60 < 365), ((E60*D60)+P60), "") | R86: =IF(AND( C60="Buy", ISBLANK(W60), B60<>"DIV", NOW()-A60 < 365), D60, "") | T86: =IF(AND( C60="Buy", ISBLANK(W60), B60<>"DIV", NOW()-A60 > 365), (J60*D60)-(E60*D60)-(2*SUM(H60:I60)), "") | U86: =IF(AND( C60="Buy", ISBLANK(W60), B60<>"DIV", NOW()-A60 > 365), ((E60*D60)+T60), "") | V86: =IF(AND( C60="Buy", ISBLANK(W60), B60<>"DIV", NOW()-A60 > 365), D60, "") | W86: 132.34 | X86: 44239 | Y86: -2.4630104 | Z86: -118.32 | AA86: -2116.8386 | AB86: 10 | AC86: =IF(B60="DIV", F60,"")
A87: 43794 | B87: NSE | C87: Buy | D87: 10 | E87: 200.553 | F87: 2018.87 | H87: 1.26 | I87: 12.11 | J87: =Index!$C$2 | L87: =IF(AND( C61="Buy", ISBLANK(W61), B61<>"DIV"), (1-Index!$F$2*2)*((J61*D61)-(E61*D61)), "") | M87: =IF(AND( C61="Buy", ISBLANK(W61), B61<>"DIV"), ((E61*D61)+L61), "") | N87: =IF(AND( C61="Buy", ISBLANK(W61), B61<>"DIV"), D61, "") | P87: =IF(AND( C61="Buy", ISBLANK(W61), B61<>"DIV", NOW()-A61 < 365), (1-Index!$F$2*2)*((J61*D61)-(E61*D61)), "") | Q87: =IF(AND( C61="Buy", ISBLANK(W61), B61<>"DIV", NOW()-A61 < 365), ((E61*D61)+P61), "") | R87: =IF(AND( C61="Buy", ISBLANK(W61), B61<>"DIV", NOW()-A61 < 365), D61, "") | T87: =IF(AND( C61="Buy", ISBLANK(W61), B61<>"DIV", NOW()-A61 > 365), (J61*D61)-(E61*D61)-(2*SUM(H61:I61)), "") | U87: =IF(AND( C61="Buy", ISBLANK(W61), B61<>"DIV", NOW()-A61 > 365), ((E61*D61)+T61), "") | V87: =IF(AND( C61="Buy", ISBLANK(W61), B61<>"DIV", NOW()-A61 > 365), D61, "") | W87: 132.34 | X87: 44239 | Y87: -0.053454368 | Z87: -165.56912 | AA87: 2623.555 | AB87: 20 | AC87: =IF(B61="DIV", F61,"")
A88: 43790 | B88: NSE | C88: Buy | D88: 10 | E88: 199.25 | F88: 2005.7 | H88: 1.2 | I88: 12 | J88: =Index!$C$2 | L88: =IF(AND( C62="Buy", ISBLANK(W62), B62<>"DIV"), (1-Index!$F$2*2)*((J62*D62)-(E62*D62)), "") | M88: =IF(AND( C62="Buy", ISBLANK(W62), B62<>"DIV"), ((E62*D62)+L62), "") | N88: =IF(AND( C62="Buy", ISBLANK(W62), B62<>"DIV"), D62, "") | P88: =IF(AND( C62="Buy", ISBLANK(W62), B62<>"DIV", NOW()-A62 < 365), (1-Index!$F$2*2)*((J62*D62)-(E62*D62)), "") | Q88: =IF(AND( C62="Buy", ISBLANK(W62), B62<>"DIV", NOW()-A62 < 365), ((E62*D62)+P62), "") | R88: =IF(AND( C62="Buy", ISBLANK(W62), B62<>"DIV", NOW()-A62 < 365), D62, "") | T88: =IF(AND( C62="Buy", ISBLANK(W62), B62<>"DIV", NOW()-A62 > 365), (J62*D62)-(E62*D62)-(2*SUM(H62:I62)), "") | U88: =IF(AND( C62="Buy", ISBLANK(W62), B62<>"DIV", NOW()-A62 > 365), ((E62*D62)+T62), "") | V88: =IF(AND( C62="Buy", ISBLANK(W62), B62<>"DIV", NOW()-A62 > 365), D62, "") | W88: 132.34 | X88: 44239 | Y88: =IF(AND( C62="Buy", W62<>"", AA62<>"", B62<>"DIV"), Z62/SUM(F62:I62), "") | Z88: -8282.4 | AA88: 8400 | AB88: 700 | AC88: =IF(B62="DIV", F62,"")
A89: 43713 | B89: NSE | C89: Buy | D89: 10 | E89: 192.101 | F89: 1934.49 | H89: 1.92 | I89: 11.57 | J89: =Index!$C$2 | L89: =IF(AND( C63="Buy", ISBLANK(W63), B63<>"DIV"), (1-Index!$F$2*2)*((J63*D63)-(E63*D63)), "") | M89: =IF(AND( C63="Buy", ISBLANK(W63), B63<>"DIV"), ((E63*D63)+L63), "") | N89: =IF(AND( C63="Buy", ISBLANK(W63), B63<>"DIV"), D63, "") | P89: =IF(AND( C63="Buy", ISBLANK(W63), B63<>"DIV", NOW()-A63 < 365), (1-Index!$F$2*2)*((J63*D63)-(E63*D63)), "") | Q89: =IF(AND( C63="Buy", ISBLANK(W63), B63<>"DIV", NOW()-A63 < 365), ((E63*D63)+P63), "") | R89: =IF(AND( C63="Buy", ISBLANK(W63), B63<>"DIV", NOW()-A63 < 365), D63, "") | T89: =IF(AND( C63="Buy", ISBLANK(W63), B63<>"DIV", NOW()-A63 > 365), (J63*D63)-(E63*D63)-(2*SUM(H63:I63)), "") | U89: =IF(AND( C63="Buy", ISBLANK(W63), B63<>"DIV", NOW()-A63 > 365), ((E63*D63)+T63), "") | V89: =IF(AND( C63="Buy", ISBLANK(W63), B63<>"DIV", NOW()-A63 > 365), D63, "") | W89: 132.34 | X89: 44239 | Y89: -5.0714665 | Z89: -855.82828 | AA89: -14391.985 | AB89: 20 | AC89: =IF(B63="DIV", F63,"")
A90: 43707 | B90: NSE | C90: Buy | D90: 20 | E90: 186.3 | F90: 3752.2 | H90: 3.69 | I90: 22.51 | J90: =Index!$C$2 | L90: =IF(AND( C64="Buy", ISBLANK(W64), B64<>"DIV"), (1-Index!$F$2*2)*((J64*D64)-(E64*D64)), "") | M90: =IF(AND( C64="Buy", ISBLANK(W64), B64<>"DIV"), ((E64*D64)+L64), "") | N90: =IF(AND( C64="Buy", ISBLANK(W64), B64<>"DIV"), D64, "") | P90: =IF(AND( C64="Buy", ISBLANK(W64), B64<>"DIV", NOW()-A64 < 365), (1-Index!$F$2*2)*((J64*D64)-(E64*D64)), "") | Q90: =IF(AND( C64="Buy", ISBLANK(W64), B64<>"DIV", NOW()-A64 < 365), ((E64*D64)+P64), "") | R90: =IF(AND( C64="Buy", ISBLANK(W64), B64<>"DIV", NOW()-A64 < 365), D64, "") | T90: =IF(AND( C64="Buy", ISBLANK(W64), B64<>"DIV", NOW()-A64 > 365), (J64*D64)-(E64*D64)-(2*SUM(H64:I64)), "") | U90: =IF(AND( C64="Buy", ISBLANK(W64), B64<>"DIV", NOW()-A64 > 365), ((E64*D64)+T64), "") | V90: =IF(AND( C64="Buy", ISBLANK(W64), B64<>"DIV", NOW()-A64 > 365), D64, "") | W90: 132.34 | X90: 44239 | Y90: -0.58152509 | Z90: -3758.2968 | AA90: 5844.0901 | AB90: 80 | AC90: =IF(B64="DIV", F64,"")
A91: 43705 | B91: NSE | C91: Buy | D91: 20 | E91: 189.404 | F91: 3814.92 | H91: 3.88 | I91: 23.04 | J91: =Index!$C$2 | L91: =IF(AND( C65="Buy", ISBLANK(W65), B65<>"DIV"), (1-Index!$F$2*2)*((J65*D65)-(E65*D65)), "") | M91: =IF(AND( C65="Buy", ISBLANK(W65), B65<>"DIV"), ((E65*D65)+L65), "") | N91: =IF(AND( C65="Buy", ISBLANK(W65), B65<>"DIV"), D65, "") | P91: =IF(AND( C65="Buy", ISBLANK(W65), B65<>"DIV", NOW()-A65 < 365), (1-Index!$F$2*2)*((J65*D65)-(E65*D65)), "") | Q91: =IF(AND( C65="Buy", ISBLANK(W65), B65<>"DIV", NOW()-A65 < 365), ((E65*D65)+P65), "") | R91: =IF(AND( C65="Buy", ISBLANK(W65), B65<>"DIV", NOW()-A65 < 365), D65, "") | T91: =IF(AND( C65="Buy", ISBLANK(W65), B65<>"DIV", NOW()-A65 > 365), (J65*D65)-(E65*D65)-(2*SUM(H65:I65)), "") | U91: =IF(AND( C65="Buy", ISBLANK(W65), B65<>"DIV", NOW()-A65 > 365), ((E65*D65)+T65), "") | V91: =IF(AND( C65="Buy", ISBLANK(W65), B65<>"DIV", NOW()-A65 > 365), D65, "") | W91: 132.34 | X91: 44239 | Y91: 0.16123692 | Z91: -4161.1665 | AA91: 20070.526 | AB91: 100 | AC91: =IF(B65="DIV", F65,"")
A92: 43546 | B92: DIV | C92: Buy | D92: 100 | E92: 5.85 | F92: 585 | G92: Dividend of Rs.5.8500/- per share on 22-MAR-2019 | H92: 0 | I92: 0 | J92: =Index!$C$2 | L92: =IF(AND( C66="Buy", ISBLANK(W66), B66<>"DIV"), (1-Index!$F$2*2)*((J66*D66)-(E66*D66)), "") | M92: =IF(AND( C66="Buy", ISBLANK(W66), B66<>"DIV"), ((E66*D66)+L66), "") | N92: =IF(AND( C66="Buy", ISBLANK(W66), B66<>"DIV"), D66, "") | P92: =IF(AND( C66="Buy", ISBLANK(W66), B66<>"DIV", NOW()-A66 < 365), (1-Index!$F$2*2)*((J66*D66)-(E66*D66)), "") | Q92: =IF(AND( C66="Buy", ISBLANK(W66), B66<>"DIV", NOW()-A66 < 365), ((E66*D66)+P66), "") | R92: =IF(AND( C66="Buy", ISBLANK(W66), B66<>"DIV", NOW()-A66 < 365), D66, "") | T92: =IF(AND( C66="Buy", ISBLANK(W66), B66<>"DIV", NOW()-A66 > 365), (J66*D66)-(E66*D66)-(2*SUM(H66:I66)), "") | U92: =IF(AND( C66="Buy", ISBLANK(W66), B66<>"DIV", NOW()-A66 > 365), ((E66*D66)+T66), "") | V92: =IF(AND( C66="Buy", ISBLANK(W66), B66<>"DIV", NOW()-A66 > 365), D66, "") | Y92: 0.68307198 | AC92: =IF(B66="DIV", F66,"")
A93: 43462 | B93: DIV | C93: Buy | D93: 100 | E93: 7.25 | F93: 725 | G93: Dividend of Rs.7.2500/- per share on 28-DEC-2018 | H93: 0 | I93: 0 | J93: =Index!$C$2 | L93: =IF(AND( C67="Buy", ISBLANK(W67), B67<>"DIV"), (1-Index!$F$2*2)*((J67*D67)-(E67*D67)), "") | M93: =IF(AND( C67="Buy", ISBLANK(W67), B67<>"DIV"), ((E67*D67)+L67), "") | N93: =IF(AND( C67="Buy", ISBLANK(W67), B67<>"DIV"), D67, "") | P93: =IF(AND( C67="Buy", ISBLANK(W67), B67<>"DIV", NOW()-A67 < 365), (1-Index!$F$2*2)*((J67*D67)-(E67*D67)), "") | Q93: =IF(AND( C67="Buy", ISBLANK(W67), B67<>"DIV", NOW()-A67 < 365), ((E67*D67)+P67), "") | R93: =IF(AND( C67="Buy", ISBLANK(W67), B67<>"DIV", NOW()-A67 < 365), D67, "") | T93: =IF(AND( C67="Buy", ISBLANK(W67), B67<>"DIV", NOW()-A67 > 365), (J67*D67)-(E67*D67)-(2*SUM(H67:I67)), "") | U93: =IF(AND( C67="Buy", ISBLANK(W67), B67<>"DIV", NOW()-A67 > 365), ((E67*D67)+T67), "") | V93: =IF(AND( C67="Buy", ISBLANK(W67), B67<>"DIV", NOW()-A67 > 365), D67, "") | Y93: -0.060990791 | AC93: =IF(B67="DIV", F67,"")
A94: 43175 | B94: DIV | C94: Buy | D94: 100 | E94: 16.5 | F94: 1650 | G94: Dividend of Rs.16.5000/- per share on 16-MAR-2018 | H94: 0 | I94: 0 | J94: =Index!$C$2 | L94: =IF(AND( C68="Buy", ISBLANK(W68), B68<>"DIV"), (1-Index!$F$2*2)*((J68*D68)-(E68*D68)), "") | M94: =IF(AND( C68="Buy", ISBLANK(W68), B68<>"DIV"), ((E68*D68)+L68), "") | N94: =IF(AND( C68="Buy", ISBLANK(W68), B68<>"DIV"), D68, "") | P94: =IF(AND( C68="Buy", ISBLANK(W68), B68<>"DIV", NOW()-A68 < 365), (1-Index!$F$2*2)*((J68*D68)-(E68*D68)), "") | Q94: =IF(AND( C68="Buy", ISBLANK(W68), B68<>"DIV", NOW()-A68 < 365), ((E68*D68)+P68), "") | R94: =IF(AND( C68="Buy", ISBLANK(W68), B68<>"DIV", NOW()-A68 < 365), D68, "") | T94: =IF(AND( C68="Buy", ISBLANK(W68), B68<>"DIV", NOW()-A68 > 365), (J68*D68)-(E68*D68)-(2*SUM(H68:I68)), "") | U94: =IF(AND( C68="Buy", ISBLANK(W68), B68<>"DIV", NOW()-A68 > 365), ((E68*D68)+T68), "") | V94: =IF(AND( C68="Buy", ISBLANK(W68), B68<>"DIV", NOW()-A68 > 365), D68, "") | Y94: 0.083412813 | AC94: =IF(B68="DIV", F68,"")
A95: 42909 | B95: NSE | C95: Buy | D95: 100 | E95: 244.8519 | F95: 24651.81 | H95: 24.13 | I95: 142.68 | J95: =Index!$C$2 | L95: =IF(AND( C69="Buy", ISBLANK(W69), B69<>"DIV"), (1-Index!$F$2*2)*((J69*D69)-(E69*D69)), "") | M95: =IF(AND( C69="Buy", ISBLANK(W69), B69<>"DIV"), ((E69*D69)+L69), "") | N95: =IF(AND( C69="Buy", ISBLANK(W69), B69<>"DIV"), D69, "") | P95: =IF(AND( C69="Buy", ISBLANK(W69), B69<>"DIV", NOW()-A69 < 365), (1-Index!$F$2*2)*((J69*D69)-(E69*D69)), "") | Q95: =IF(AND( C69="Buy", ISBLANK(W69), B69<>"DIV", NOW()-A69 < 365), ((E69*D69)+P69), "") | R95: =IF(AND( C69="Buy", ISBLANK(W69), B69<>"DIV", NOW()-A69 < 365), D69, "") | T95: =IF(AND( C69="Buy", ISBLANK(W69), B69<>"DIV", NOW()-A69 > 365), (J69*D69)-(E69*D69)-(2*SUM(H69:I69)), "") | U95: =IF(AND( C69="Buy", ISBLANK(W69), B69<>"DIV", NOW()-A69 > 365), ((E69*D69)+T69), "") | V95: =IF(AND( C69="Buy", ISBLANK(W69), B69<>"DIV", NOW()-A69 > 365), D69, "") | W95: 132.34 | X95: 44239 | Y95: 0.6506546 | Z95: -722.96478 | AA95: 5610.1747 | AB95: 20 | AC95: =IF(B69="DIV", F69,"")

Sheet Index
B1: Code | C1: NSE:COALINDIA
B2: Current Price | C2: 449.6 | E2: Commission | F2: 0.007
B3: 52 Week High | C3: 461.55
B4: 52 Week Low | C4: 349.25
B6: UnRealised
A8: All | B8: Units | C8: =SUM('Trading History'!$N$4:$N1001) | E8: ST Units | F8: =IFERROR(SUM('Trading History'!$R$4:$R1001), 0) | H8: LT Units | I8: =SUM('Trading History'!$V$4:$V1001) | K8: Units | L8: =SUM('Trading History'!$AB$4:$AB1001)
B9: Avg % | C9: =IFERROR(Index!C10/(Index!C8*Index!$C$2), 0) | E9: ST Avg % | F9: =IFERROR(Index!F10/(Index!F8*Index!$C$2), 0) | H9: LT Avg % | I9: =IFERROR(Index!I10/(Index!I8*Index!$C$2), 0) | K9: Avg % | L9: =IFERROR(Index!L10/(Index!L8*Index!$C$2), 0)
B10: Gain | C10: =SUM('Trading History'!$L$4:$L1001) | E10: ST Gain | F10: =SUM('Trading History'!$P$4:$P1001) | H10: LT Gain | I10: =SUM('Trading History'!$T$4:$T1001) | K10: Gain | L10: =SUM('Trading History'!$Z$4:$Z1001)
B11: Invested | C11: =Index!C12-Index!C10 | E11: ST Invested | F11: =Index!F12-Index!F10 | H11: LT Invested | I11: =Index!I12-Index!I10 | K11: Invested | L11: =Index!L12-Index!L10
B12: Gross | C12: =SUM('Trading History'!$M$4:$M1001) | E12: ST Gross | F12: =SUM('Trading History'!$Q$4:$Q1001) | H12: LT Gross | I12: =SUM('Trading History'!$U$4:$U1001) | K12: Gross | L12: =SUM('Trading History'!$AA$4:$AA1001)
K13: Dividends | L13: =SUMIF('Trading History'!$B19:$B1001,"DIV",'Trading History'!$AC$4:$AC1001)
A15: 0.5 | B15: Units | C15: =SUMIFS('Trading History'!$N$4:$N1001, 'Trading History'!$K$4:$K1001, _xludf.CONCAT(">", $A15)) | E15: ST Units | F15: =IFERROR(SUMIFS('Trading History'!$R$4:$R1001, 'Trading History'!$O$4:$O1001, _xludf.CONCAT(">", $A15)), 0) | H15: LT Units | I15: =SUMIFS('Trading History'!$V$4:$V1001, 'Trading History'!$S$4:$S1001, _xludf.CONCAT(">", $A15)) | K15: Units | L15: =SUMIFS('Trading History'!$AB$4:$AB1001, 'Trading History'!$Y$4:$Y1001, _xludf.CONCAT(">", $A15))
B16: Avg % | C16: =IFERROR(Index!C17/(Index!C15*Index!$C$2), 0) | E16: ST Avg % | F16: =IFERROR(Index!F17/(Index!F15*Index!$C$2), 0) | H16: LT Avg % | I16: =IFERROR(Index!I17/(Index!I15*Index!$C$2), 0) | K16: Avg % | L16: =IFERROR(Index!L17/(Index!L15*Index!$C$2), 0)
B17: Gain | C17: =SUMIFS('Trading History'!$L$4:$L1001, 'Trading History'!$K$4:$K1001, _xludf.CONCAT(">", $A15)) | E17: ST Gain | F17: =SUMIFS('Trading History'!$P$4:$P1001, 'Trading History'!$O$4:$O1001, _xludf.CONCAT(">", $A15)) | H17: LT Gain | I17: =SUMIFS('Trading History'!$T$4:$T1001, 'Trading History'!$S$4:$S1001, _xludf.CONCAT(">", $A15)) | K17: Gain | L17: =SUMIFS('Trading History'!$Z$4:$Z1001, 'Trading History'!$Y$4:$Y1001, _xludf.CONCAT(">", $A15))
B18: Invested | C18: =Index!C19-Index!C17 | E18: ST Invested | F18: =Index!F19-Index!F17 | H18: LT Invested | I18: =Index!I19-Index!I17 | K18: Invested | L18: =Index!L19-Index!L17
B19: Gross | C19: =SUMIFS('Trading History'!$M$4:$M1001, 'Trading History'!$K$4:$K1001, _xludf.CONCAT(">", $A15)) | E19: ST Gross | F19: =SUMIFS('Trading History'!$Q$4:$Q1001, 'Trading History'!$O$4:$O1001, _xludf.CONCAT(">", $A15)) | H19: LT Gross | I19: =SUMIFS('Trading History'!$U$4:$U1001, 'Trading History'!$S$4:$S1001, _xludf.CONCAT(">", $A15)) | K19: Gross | L19: =SUMIFS('Trading History'!$AA$4:$AA1001, 'Trading History'!$Y$4:$Y1001, _xludf.CONCAT(">", $A15))
A22: 0.45 | B22: Units | C22: =SUMIFS('Trading History'!$N$4:$N1001, 'Trading History'!$K$4:$K1001, _xludf.CONCAT(">", $A22)) | E22: ST Units | F22: =IFERROR(SUMIFS('Trading History'!$R$4:$R1001, 'Trading History'!$O$4:$O1001, _xludf.CONCAT(">", $A22)), 0) | H22: LT Units | I22: =SUMIFS('Trading History'!$V$4:$V1001, 'Trading History'!$S$4:$S1001, _xludf.CONCAT(">", $A22)) | K22: Units | L22: =SUMIFS('Trading History'!$AB$4:$AB1001, 'Trading History'!$Y$4:$Y1001, _xludf.CONCAT(">", $A22))
B23: Avg % | C23: =IFERROR(Index!C24/(Index!C22*Index!$C$2), 0) | E23: ST Avg % | F23: =IFERROR(Index!F24/(Index!F22*Index!$C$2), 0) | H23: LT Avg % | I23: =IFERROR(Index!I24/(Index!I22*Index!$C$2), 0) | K23: Avg % | L23: =IFERROR(Index!L24/(Index!L22*Index!$C$2), 0)
B24: Gain | C24: =SUMIFS('Trading History'!$L$4:$L1001, 'Trading History'!$K$4:$K1001, _xludf.CONCAT(">", $A22)) | E24: ST Gain | F24: =SUMIFS('Trading History'!$P$4:$P1001, 'Trading History'!$O$4:$O1001, _xludf.CONCAT(">", $A22)) | H24: LT Gain | I24: =SUMIFS('Trading History'!$T$4:$T1001, 'Trading History'!$S$4:$S1001, _xludf.CONCAT(">", $A22)) | K24: Gain | L24: =SUMIFS('Trading History'!$Z$4:$Z1001, 'Trading History'!$Y$4:$Y1001, _xludf.CONCAT(">", $A22))
B25: Invested | C25: =Index!C26-Index!C24 | E25: ST Invested | F25: =Index!F26-Index!F24 | H25: LT Invested | I25: =Index!I26-Index!I24 | K25: Invested | L25: =Index!L26-Index!L24
B26: Gross | C26: =SUMIFS('Trading History'!$M$4:$M1001, 'Trading History'!$K$4:$K1001, _xludf.CONCAT(">", $A22)) | E26: ST Gross | F26: =SUMIFS('Trading History'!$Q$4:$Q1001, 'Trading History'!$O$4:$O1001, _xludf.CONCAT(">", $A22)) | H26: LT Gross | I26: =SUMIFS('Trading History'!$U$4:$U1001, 'Trading History'!$S$4:$S1001, _xludf.CONCAT(">", $A22)) | K26: Gross | L26: =SUMIFS('Trading History'!$AA$4:$AA1001, 'Trading History'!$Y$4:$Y1001, _xludf.CONCAT(">", $A22))
A29: 0.4 | B29: Units | C29: =SUMIFS('Trading History'!$N$4:$N1001, 'Trading History'!$K$4:$K1001, _xludf.CONCAT(">", $A29)) | E29: ST Units | F29: =IFERROR(SUMIFS('Trading History'!$R$4:$R1001, 'Trading History'!$O$4:$O1001, _xludf.CONCAT(">", $A29)), 0) | H29: LT Units | I29: =SUMIFS('Trading History'!$V$4:$V1001, 'Trading History'!$S$4:$S1001, _xludf.CONCAT(">", $A29)) | K29: Units | L29: =SUMIFS('Trading History'!$AB$4:$AB1001, 'Trading History'!$Y$4:$Y1001, _xludf.CONCAT(">", $A29))
B30: Avg % | C30: =IFERROR(Index!C31/(Index!C29*Index!$C$2), 0) | E30: ST Avg % | F30: =IFERROR(Index!F31/(Index!F29*Index!$C$2), 0) | H30: LT Avg % | I30: =IFERROR(Index!I31/(Index!I29*Index!$C$2), 0) | K30: Avg % | L30: =IFERROR(Index!L31/(Index!L29*Index!$C$2), 0)
B31: Gain | C31: =SUMIFS('Trading History'!$L$4:$L1001, 'Trading History'!$K$4:$K1001, _xludf.CONCAT(">", $A29)) | E31: ST Gain | F31: =SUMIFS('Trading History'!$P$4:$P1001, 'Trading History'!$O$4:$O1001, _xludf.CONCAT(">", $A29)) | H31: LT Gain | I31: =SUMIFS('Trading History'!$T$4:$T1001, 'Trading History'!$S$4:$S1001, _xludf.CONCAT(">", $A29)) | K31: Gain | L31: =SUMIFS('Trading History'!$Z$4:$Z1001, 'Trading History'!$Y$4:$Y1001, _xludf.CONCAT(">", $A29))
B32: Invested | C32: =Index!C33-Index!C31 | E32: ST Invested | F32: =Index!F33-Index!F31 | H32: LT Invested | I32: =Index!I33-Index!I31 | K32: Invested | L32: =Index!L33-Index!L31
B33: Gross | C33: =SUMIFS('Trading History'!$M$4:$M1001, 'Trading History'!$K$4:$K1001, _xludf.CONCAT(">", $A29)) | E33: ST Gross | F33: =SUMIFS('Trading History'!$Q$4:$Q1001, 'Trading History'!$O$4:$O1001, _xludf.CONCAT(">", $A29)) | H33: LT Gross | I33: =SUMIFS('Trading History'!$U$4:$U1001, 'Trading History'!$S$4:$S1001, _xludf.CONCAT(">", $A29)) | K33: Gross | L33: =SUMIFS('Trading History'!$AA$4:$AA1001, 'Trading History'!$Y$4:$Y1001, _xludf.CONCAT(">", $A29))
A36: 0.35 | B36: Units | C36: =SUMIFS('Trading History'!$N$4:$N1001, 'Trading History'!$K$4:$K1001, _xludf.CONCAT(">", $A36)) | E36: ST Units | F36: =IFERROR(SUMIFS('Trading History'!$R$4:$R1001, 'Trading History'!$O$4:$O1001, _xludf.CONCAT(">", $A36)), 0) | H36: LT Units | I36: =SUMIFS('Trading History'!$V$4:$V1001, 'Trading History'!$S$4:$S1001, _xludf.CONCAT(">", $A36)) | K36: Units | L36: =SUMIFS('Trading History'!$AB$4:$AB1001, 'Trading History'!$Y$4:$Y1001, _xludf.CONCAT(">", $A36))
B37: Avg % | C37: =IFERROR(Index!C38/(Index!C36*Index!$C$2), 0) | E37: ST Avg % | F37: =IFERROR(Index!F38/(Index!F36*Index!$C$2), 0) | H37: LT Avg % | I37: =IFERROR(Index!I38/(Index!I36*Index!$C$2), 0) | K37: Avg % | L37: =IFERROR(Index!L38/(Index!L36*Index!$C$2), 0)
B38: Gain | C38: =SUMIFS('Trading History'!$L$4:$L1001, 'Trading History'!$K$4:$K1001, _xludf.CONCAT(">", $A36)) | E38: ST Gain | F38: =SUMIFS('Trading History'!$P$4:$P1001, 'Trading History'!$O$4:$O1001, _xludf.CONCAT(">", $A36)) | H38: LT Gain | I38: =SUMIFS('Trading History'!$T$4:$T1001, 'Trading History'!$S$4:$S1001, _xludf.CONCAT(">", $A36)) | K38: Gain | L38: =SUMIFS('Trading History'!$Z$4:$Z1001, 'Trading History'!$Y$4:$Y1001, _xludf.CONCAT(">", $A36))
B39: Invested | C39: =Index!C40-Index!C38 | E39: ST Invested | F39: =Index!F40-Index!F38 | H39: LT Invested | I39: =Index!I40-Index!I38 | K39: Invested | L39: =Index!L40-Index!L38
B40: Gross | C40: =SUMIFS('Trading History'!$M$4:$M1001, 'Trading History'!$K$4:$K1001, _xludf.CONCAT(">", $A36)) | E40: ST Gross | F40: =SUMIFS('Trading History'!$Q$4:$Q1001, 'Trading History'!$O$4:$O1001, _xludf.CONCAT(">", $A36)) | H40: LT Gross | I40: =SUMIFS('Trading History'!$U$4:$U1001, 'Trading History'!$S$4:$S1001, _xludf.CONCAT(">", $A36)) | K40: Gross | L40: =SUMIFS('Trading History'!$AA$4:$AA1001, 'Trading History'!$Y$4:$Y1001, _xludf.CONCAT(">", $A36))
A43: 0.3 | B43: Units | C43: =SUMIFS('Trading History'!$N$4:$N1001, 'Trading History'!$K$4:$K1001, _xludf.CONCAT(">", $A43)) | E43: ST Units | F43: =IFERROR(SUMIFS('Trading History'!$R$4:$R1001, 'Trading History'!$O$4:$O1001, _xludf.CONCAT(">", $A43)), 0) | H43: LT Units | I43: =SUMIFS('Trading History'!$V$4:$V1001, 'Trading History'!$S$4:$S1001, _xludf.CONCAT(">", $A43)) | K43: Units | L43: =SUMIFS('Trading History'!$AB$4:$AB1001, 'Trading History'!$Y$4:$Y1001, _xludf.CONCAT(">", $A43))
B44: Avg % | C44: =IFERROR(Index!C45/(Index!C43*Index!$C$2), 0) | E44: ST Avg % | F44: =IFERROR(Index!F45/(Index!F43*Index!$C$2), 0) | H44: LT Avg % | I44: =IFERROR(Index!I45/(Index!I43*Index!$C$2), 0) | K44: Avg % | L44: =IFERROR(Index!L45/(Index!L43*Index!$C$2), 0)
B45: Gain | C45: =SUMIFS('Trading History'!$L$4:$L1001, 'Trading History'!$K$4:$K1001, _xludf.CONCAT(">", $A43)) | E45: ST Gain | F45: =SUMIFS('Trading History'!$P$4:$P1001, 'Trading History'!$O$4:$O1001, _xludf.CONCAT(">", $A43)) | H45: LT Gain | I45: =SUMIFS('Trading History'!$T$4:$T1001, 'Trading History'!$S$4:$S1001, _xludf.CONCAT(">", $A43)) | K45: Gain | L45: =SUMIFS('Trading History'!$Z$4:$Z1001, 'Trading History'!$Y$4:$Y1001, _xludf.CONCAT(">", $A43))
B46: Invested | C46: =Index!C47-Index!C45 | E46: ST Invested | F46: =Index!F47-Index!F45 | H46: LT Invested | I46: =Index!I47-Index!I45 | K46: Invested | L46: =Index!L47-Index!L45
B47: Gross | C47: =SUMIFS('Trading History'!$M$4:$M1001, 'Trading History'!$K$4:$K1001, _xludf.CONCAT(">", $A43)) | E47: ST Gross | F47: =SUMIFS('Trading History'!$Q$4:$Q1001, 'Trading History'!$O$4:$O1001, _xludf.CONCAT(">", $A43)) | H47: LT Gross | I47: =SUMIFS('Trading History'!$U$4:$U1001, 'Trading History'!$S$4:$S1001, _xludf.CONCAT(">", $A43)) | K47: Gross | L47: =SUMIFS('Trading History'!$AA$4:$AA1001, 'Trading History'!$Y$4:$Y1001, _xludf.CONCAT(">", $A43))
A50: 0.25 | B50: Units | C50: =SUMIFS('Trading History'!$N$4:$N1001, 'Trading History'!$K$4:$K1001, _xludf.CONCAT(">", $A50)) | E50: ST Units | F50: =IFERROR(SUMIFS('Trading History'!$R$4:$R1001, 'Trading History'!$O$4:$O1001, _xludf.CONCAT(">", $A50)), 0) | H50: LT Units | I50: =SUMIFS('Trading History'!$V$4:$V1001, 'Trading History'!$S$4:$S1001, _xludf.CONCAT(">", $A50)) | K50: Units | L50: =SUMIFS('Trading History'!$AB$4:$AB1001, 'Trading History'!$Y$4:$Y1001, _xludf.CONCAT(">", $A50))
B51: Avg % | C51: =IFERROR(Index!C52/(Index!C50*Index!$C$2), 0) | E51: ST Avg % | F51: =IFERROR(Index!F52/(Index!F50*Index!$C$2), 0) | H51: LT Avg % | I51: =IFERROR(Index!I52/(Index!I50*Index!$C$2), 0) | K51: Avg % | L51: =IFERROR(Index!L52/(Index!L50*Index!$C$2), 0)
B52: Gain | C52: =SUMIFS('Trading History'!$L$4:$L1001, 'Trading History'!$K$4:$K1001, _xludf.CONCAT(">", $A50)) | E52: ST Gain | F52: =SUMIFS('Trading History'!$P$4:$P1001, 'Trading History'!$O$4:$O1001, _xludf.CONCAT(">", $A50)) | H52: LT Gain | I52: =SUMIFS('Trading History'!$T$4:$T1001, 'Trading History'!$S$4:$S1001, _xludf.CONCAT(">", $A50)) | K52: Gain | L52: =SUMIFS('Trading History'!$Z$4:$Z1001, 'Trading History'!$Y$4:$Y1001, _xludf.CONCAT(">", $A50))
B53: Invested | C53: =Index!C54-Index!C52 | E53: ST Invested | F53: =Index!F54-Index!F52 | H53: LT Invested | I53: =Index!I54-Index!I52 | K53: Invested | L53: =Index!L54-Index!L52
B54: Gross | C54: =SUMIFS('Trading History'!$M$4:$M1001, 'Trading History'!$K$4:$K1001, _xludf.CONCAT(">", $A50)) | E54: ST Gross | F54: =SUMIFS('Trading History'!$Q$4:$Q1001, 'Trading History'!$O$4:$O1001, _xludf.CONCAT(">", $A50)) | H54: LT Gross | I54: =SUMIFS('Trading History'!$U$4:$U1001, 'Trading History'!$S$4:$S1001, _xludf.CONCAT(">", $A50)) | K54: Gross | L54: =SUMIFS('Trading History'!$AA$4:$AA1001, 'Trading History'!$Y$4:$Y1001, _xludf.CONCAT(">", $A50))
A57: 0.2 | B57: Units | C57: =SUMIFS('Trading History'!$N$4:$N1001, 'Trading History'!$K$4:$K1001, _xludf.CONCAT(">", $A57)) | E57: ST Units | F57: =IFERROR(SUMIFS('Trading History'!$R$4:$R1001, 'Trading History'!$O$4:$O1001, _xludf.CONCAT(">", $A57)), 0) | H57: LT Units | I57: =SUMIFS('Trading History'!$V$4:$V1001, 'Trading History'!$S$4:$S1001, _xludf.CONCAT(">", $A57)) | K57: Units | L57: =SUMIFS('Trading History'!$AB$4:$AB1001, 'Trading History'!$Y$4:$Y1001, _xludf.CONCAT(">", $A57))
B58: Avg % | C58: =IFERROR(Index!C59/(Index!C57*Index!$C$2), 0) | E58: ST Avg % | F58: =IFERROR(Index!F59/(Index!F57*Index!$C$2), 0) | H58: LT Avg % | I58: =IFERROR(Index!I59/(Index!I57*Index!$C$2), 0) | K58: Avg % | L58: =IFERROR(Index!L59/(Index!L57*Index!$C$2), 0)
B59: Gain | C59: =SUMIFS('Trading History'!$L$4:$L1001, 'Trading History'!$K$4:$K1001, _xludf.CONCAT(">", $A57)) | E59: ST Gain | F59: =SUMIFS('Trading History'!$P$4:$P1001, 'Trading History'!$O$4:$O1001, _xludf.CONCAT(">", $A57)) | H59: LT Gain | I59: =SUMIFS('Trading History'!$T$4:$T1001, 'Trading History'!$S$4:$S1001, _xludf.CONCAT(">", $A57)) | K59: Gain | L59: =SUMIFS('Trading History'!$Z$4:$Z1001, 'Trading History'!$Y$4:$Y1001, _xludf.CONCAT(">", $A57))
B60: Invested | C60: =Index!C61-Index!C59 | E60: ST Invested | F60: =Index!F61-Index!F59 | H60: LT Invested | I60: =Index!I61-Index!I59 | K60: Invested | L60: =Index!L61-Index!L59
B61: Gross | C61: =SUMIFS('Trading History'!$M$4:$M1001, 'Trading History'!$K$4:$K1001, _xludf.CONCAT(">", $A57)) | E61: ST Gross | F61: =SUMIFS('Trading History'!$Q$4:$Q1001, 'Trading History'!$O$4:$O1001, _xludf.CONCAT(">", $A57)) | H61: LT Gross | I61: =SUMIFS('Trading History'!$U$4:$U1001, 'Trading History'!$S$4:$S1001, _xludf.CONCAT(">", $A57)) | K61: Gross | L61: =SUMIFS('Trading History'!$AA$4:$AA1001, 'Trading History'!$Y$4:$Y1001, _xludf.CONCAT(">", $A57))
A64: 0.15 | B64: Units | C64: =SUMIFS('Trading History'!$N$4:$N1001, 'Trading History'!$K$4:$K1001, _xludf.CONCAT(">", $A64)) | E64: ST Units | F64: =IFERROR(SUMIFS('Trading History'!$R$4:$R1001, 'Trading History'!$O$4:$O1001, _xludf.CONCAT(">", $A64)), 0) | H64: LT Units | I64: =SUMIFS('Trading History'!$V$4:$V1001, 'Trading History'!$S$4:$S1001, _xludf.CONCAT(">", $A64)) | K64: Units | L64: =SUMIFS('Trading History'!$AB$4:$AB1001, 'Trading History'!$Y$4:$Y1001, _xludf.CONCAT(">", $A64))
B65: Avg % | C65: =IFERROR(Index!C66/(Index!C64*Index!$C$2), 0) | E65: ST Avg % | F65: =IFERROR(Index!F66/(Index!F64*Index!$C$2), 0) | H65: LT Avg % | I65: =IFERROR(Index!I66/(Index!I64*Index!$C$2), 0) | K65: Avg % | L65: =IFERROR(Index!L66/(Index!L64*Index!$C$2), 0)
B66: Gain | C66: =SUMIFS('Trading History'!$L$4:$L1001, 'Trading History'!$K$4:$K1001, _xludf.CONCAT(">", $A64)) | E66: ST Gain | F66: =SUMIFS('Trading History'!$P$4:$P1001, 'Trading History'!$O$4:$O1001, _xludf.CONCAT(">", $A64)) | H66: LT Gain | I66: =SUMIFS('Trading History'!$T$4:$T1001, 'Trading History'!$S$4:$S1001, _xludf.CONCAT(">", $A64)) | K66: Gain | L66: =SUMIFS('Trading History'!$Z$4:$Z1001, 'Trading History'!$Y$4:$Y1001, _xludf.CONCAT(">", $A64))
B67: Invested | C67: =Index!C68-Index!C66 | E67: ST Invested | F67: =Index!F68-Index!F66 | H67: LT Invested | I67: =Index!I68-Index!I66 | K67: Invested | L67: =Index!L68-Index!L66
B68: Gross | C68: =SUMIFS('Trading History'!$M$4:$M1001, 'Trading History'!$K$4:$K1001, _xludf.CONCAT(">", $A64)) | E68: ST Gross | F68: =SUMIFS('Trading History'!$Q$4:$Q1001, 'Trading History'!$O$4:$O1001, _xludf.CONCAT(">", $A64)) | H68: LT Gross | I68: =SUMIFS('Trading History'!$U$4:$U1001, 'Trading History'!$S$4:$S1001, _xludf.CONCAT(">", $A64)) | K68: Gross | L68: =SUMIFS('Trading History'!$AA$4:$AA1001, 'Trading History'!$Y$4:$Y1001, _xludf.CONCAT(">", $A64))
A71: 0.1 | B71: Units | C71: =SUMIFS('Trading History'!$N$4:$N1001, 'Trading History'!$K$4:$K1001, _xludf.CONCAT(">", $A71)) | E71: ST Units | F71: =IFERROR(SUMIFS('Trading History'!$R$4:$R1001, 'Trading History'!$O$4:$O1001, _xludf.CONCAT(">", $A71)), 0) | H71: LT Units | I71: =SUMIFS('Trading History'!$V$4:$V1001, 'Trading History'!$S$4:$S1001, _xludf.CONCAT(">", $A71)) | K71: Units | L71: =SUMIFS('Trading History'!$AB$4:$AB1001, 'Trading History'!$Y$4:$Y1001, _xludf.CONCAT(">", $A71))
B72: Avg % | C72: =IFERROR(Index!C73/(Index!C71*Index!$C$2), 0) | E72: ST Avg % | F72: =IFERROR(Index!F73/(Index!F71*Index!$C$2), 0) | H72: LT Avg % | I72: =IFERROR(Index!I73/(Index!I71*Index!$C$2), 0) | K72: Avg % | L72: =IFERROR(Index!L73/(Index!L71*Index!$C$2), 0)
B73: Gain | C73: =SUMIFS('Trading History'!$L$4:$L1001, 'Trading History'!$K$4:$K1001, _xludf.CONCAT(">", $A71)) | E73: ST Gain | F73: =SUMIFS('Trading History'!$P$4:$P1001, 'Trading History'!$O$4:$O1001, _xludf.CONCAT(">", $A71)) | H73: LT Gain | I73: =SUMIFS('Trading History'!$T$4:$T1001, 'Trading History'!$S$4:$S1001, _xludf.CONCAT(">", $A71)) | K73: Gain | L73: =SUMIFS('Trading History'!$Z$4:$Z1001, 'Trading History'!$Y$4:$Y1001, _xludf.CONCAT(">", $A71))
B74: Invested | C74: =Index!C75-Index!C73 | E74: ST Invested | F74: =Index!F75-Index!F73 | H74: LT Invested | I74: =Index!I75-Index!I73 | K74: Invested | L74: =Index!L75-Index!L73
B75: Gross | C75: =SUMIFS('Trading History'!$M$4:$M1001, 'Trading History'!$K$4:$K1001, _xludf.CONCAT(">", $A71)) | E75: ST Gross | F75: =SUMIFS('Trading History'!$Q$4:$Q1001, 'Trading History'!$O$4:$O1001, _xludf.CONCAT(">", $A71)) | H75: LT Gross | I75: =SUMIFS('Trading History'!$U$4:$U1001, 'Trading History'!$S$4:$S1001, _xludf.CONCAT(">", $A71)) | K75: Gross | L75: =SUMIFS('Trading History'!$AA$4:$AA1001, 'Trading History'!$Y$4:$Y1001, _xludf.CONCAT(">", $A71))
A78: 0.05 | B78: Units | C78: =SUMIFS('Trading History'!$N$4:$N1001, 'Trading History'!$K$4:$K1001, _xludf.CONCAT(">", $A78)) | E78: ST Units | F78: =IFERROR(SUMIFS('Trading History'!$R$4:$R1001, 'Trading History'!$O$4:$O1001, _xludf.CONCAT(">", $A78)), 0) | H78: LT Units | I78: =SUMIFS('Trading History'!$V$4:$V1001, 'Trading History'!$S$4:$S1001, _xludf.CONCAT(">", $A78)) | K78: Units | L78: =SUMIFS('Trading History'!$AB$4:$AB1001, 'Trading History'!$Y$4:$Y1001, _xludf.CONCAT(">", $A78))
B79: Avg % | C79: =IFERROR(Index!C80/(Index!C78*Index!$C$2), 0) | E79: ST Avg % | F79: =IFERROR(Index!F80/(Index!F78*Index!$C$2), 0) | H79: LT Avg % | I79: =IFERROR(Index!I80/(Index!I78*Index!$C$2), 0) | K79: Avg % | L79: =IFERROR(Index!L80/(Index!L78*Index!$C$2), 0)
B80: Gain | C80: =SUMIFS('Trading History'!$L$4:$L1001, 'Trading History'!$K$4:$K1001, _xludf.CONCAT(">", $A78)) | E80: ST Gain | F80: =SUMIFS('Trading History'!$P$4:$P1001, 'Trading History'!$O$4:$O1001, _xludf.CONCAT(">", $A78)) | H80: LT Gain | I80: =SUMIFS('Trading History'!$T$4:$T1001, 'Trading History'!$S$4:$S1001, _xludf.CONCAT(">", $A78)) | K80: Gain | L80: =SUMIFS('Trading History'!$Z$4:$Z1001, 'Trading History'!$Y$4:$Y1001, _xludf.CONCAT(">", $A78))
B81: Invested | C81: =Index!C82-Index!C80 | E81: ST Invested | F81: =Index!F82-Index!F80 | H81: LT Invested | I81: =Index!I82-Index!I80 | K81: Invested | L81: =Index!L82-Index!L80
B82: Gross | C82: =SUMIFS('Trading History'!$M$4:$M1001, 'Trading History'!$K$4:$K1001, _xludf.CONCAT(">", $A78)) | E82: ST Gross | F82: =SUMIFS('Trading History'!$Q$4:$Q1001, 'Trading History'!$O$4:$O1001, _xludf.CONCAT(">", $A78)) | H82: LT Gross | I82: =SUMIFS('Trading History'!$U$4:$U1001, 'Trading History'!$S$4:$S1001, _xludf.CONCAT(">", $A78)) | K82: Gross | L82: =SUMIFS('Trading History'!$AA$4:$AA1001, 'Trading History'!$Y$4:$Y1001, _xludf.CONCAT(">", $A78))
A85: 0 | B85: Units | C85: =SUMIFS('Trading History'!$N$4:$N1001, 'Trading History'!$K$4:$K1001, _xludf.CONCAT(">", $A85)) | E85: ST Units | F85: =IFERROR(SUMIFS('Trading History'!$R$4:$R1001, 'Trading History'!$O$4:$O1001, _xludf.CONCAT(">", $A85)), 0) | H85: LT Units | I85: =SUMIFS('Trading History'!$V$4:$V1001, 'Trading History'!$S$4:$S1001, _xludf.CONCAT(">", $A85)) | K85: Units | L85: =SUMIFS('Trading History'!$AB$4:$AB1001, 'Trading History'!$Y$4:$Y1001, _xludf.CONCAT(">", $A85))
B86: Avg % | C86: =IFERROR(Index!C87/(Index!C85*Index!$C$2), 0) | E86: ST Avg % | F86: =IFERROR(Index!F87/(Index!F85*Index!$C$2), 0) | H86: LT Avg % | I86: =IFERROR(Index!I87/(Index!I85*Index!$C$2), 0) | K86: Avg % | L86: =IFERROR(Index!L87/(Index!L85*Index!$C$2), 0)
B87: Gain | C87: =SUMIFS('Trading History'!$L$4:$L1001, 'Trading History'!$K$4:$K1001, _xludf.CONCAT(">", $A85)) | E87: ST Gain | F87: =SUMIFS('Trading History'!$P$4:$P1001, 'Trading History'!$O$4:$O1001, _xludf.CONCAT(">", $A85)) | H87: LT Gain | I87: =SUMIFS('Trading History'!$T$4:$T1001, 'Trading History'!$S$4:$S1001, _xludf.CONCAT(">", $A85)) | K87: Gain | L87: =SUMIFS('Trading History'!$Z$4:$Z1001, 'Trading History'!$Y$4:$Y1001, _xludf.CONCAT(">", $A85))
B88: Invested | C88: =Index!C89-Index!C87 | E88: ST Invested | F88: =Index!F89-Index!F87 | H88: LT Invested | I88: =Index!I89-Index!I87 | K88: Invested | L88: =Index!L89-Index!L87
B89: Gross | C89: =SUMIFS('Trading History'!$M$4:$M1001, 'Trading History'!$K$4:$K1001, _xludf.CONCAT(">", $A85)) | E89: ST Gross | F89: =SUMIFS('Trading History'!$Q$4:$Q1001, 'Trading History'!$O$4:$O1001, _xludf.CONCAT(">", $A85)) | H89: LT Gross | I89: =SUMIFS('Trading History'!$U$4:$U1001, 'Trading History'!$S$4:$S1001, _xludf.CONCAT(">", $A85)) | K89: Gross | L89: =SUMIFS('Trading History'!$AA$4:$AA1001, 'Trading History'!$Y$4:$Y1001, _xludf.CONCAT(">", $A85))
