Workbook

Sheet Trading History
J2: UnRealised | W2: Realised
J3: Total
A4: DATE | B4: EXCH | C4: ACTION | D4: QTY | E4: PRICE | F4: COST | G4: REMARKS | H4: STT | I4: ADD CHRG | J4: Current Price | K4: Gain % | L4: Gain | M4: Gross | N4: Units | W4: Price | X4: Date | Y4: Gain % | Z4: Gain | AA4: Gross | AB4: Units
A5: 46059 | B5: NSE | C5: Buy | D5: 3 | E5: 2002.1 | F5: 6036.33 | G5: CN#252611604850 | I5: 30.03 | J5: =Index!$C$2
A6: 46057 | B6: NSE | C6: Buy | D6: 2 | E6: 2021.6 | F6: 4063.42 | G6: CN#252611485581 | I6: 20.22 | J6: =Index!$C$2
A7: 46050 | B7: NSE | C7: Buy | D7: 3 | E7: 1958.7 | F7: 5905.47 | G7: CN#252611091662 | I7: 29.37 | J7: =Index!$C$2
A8: 46049 | B8: NSE | C8: Buy | D8: 3 | E8: 1984.2 | F8: 5982.36 | G8: CN#252611030591 | I8: 29.76 | J8: =Index!$C$2
A9: 46044 | B9: NSE | C9: Buy | D9: 3 | E9: 1996.1 | F9: 6018.24 | G9: CN#252610906344 | I9: 29.94 | J9: =Index!$C$2
A10: 46038 | B10: NSE | C10: Buy | D10: 3 | E10: 1994.6 | F10: 6013.71 | G10: CN#252610644483 | I10: 29.91 | J10: =Index!$C$2
A11: 46034 | B11: NSE | C11: Buy | D11: 5 | E11: 2005.4 | F11: 10077.15 | G11: CN#252610469431 | I11: 50.15 | J11: =Index!$C$2
A12: 46030 | B12: NSE | C12: Buy | D12: 3 | E12: 2067.8 | F12: 6234.42 | G12: CN#252610347614 | I12: 31.02 | J12: =Index!$C$2
A13: 46027 | B13: NSE | C13: Buy | D13: 3 | E13: 2102.1 | F13: 6337.83 | G13: CN#252610159828 | I13: 31.53 | J13: =Index!$C$2
A14: 46022 | B14: NSE | C14: Buy | D14: 2 | E14: 2096 | F14: 4212.96 | G14: CN#252609981253 | I14: 20.96 | J14: =Index!$C$2
A15: 46020 | B15: BSE | C15: Buy | D15: 2 | E15: 2096.85 | F15: 4214.66 | G15: CN#252609871125 | I15: 20.96 | J15: =Index!$C$2
A16: 46017 | B16: NSE | C16: Buy | D16: 2 | E16: 2116.1 | F16: 4253.36 | G16: CN#252609810990 | I16: 21.16 | J16: =Index!$C$2
... A18: 46009 | B18: NSE | C18: Buy | D18: 2 | E18: 2106 | F18: 4233.06 | G18: CN#252609527272 | I18: 21.06 | J18: =Index!$C$2
A19: 46063 | B19: BSE | C19: Buy | D19: 2 | E19: 2022.1 | F19: 4072.87 | G19: CN#252611730667 | H19: 4.03 | I19: 24.64 | J19: =Index!$C$2
A20: 46062 | B20: NSE | C20: Buy | D20: 2 | E20: 2053 | F20: 4135.11 | G20: CN#252611665409 | H20: 4.11 | I20: 25 | J20: =Index!$C$2
A21: 46059 | B21: NSE | C21: Buy | D21: 3 | E21: 2016.28 | F21: 6048.84 | G21: ~ | J21: =Index!$C$2
A22: 46057 | B22: NSE | C22: Buy | D22: 2 | E22: 2035.93 | F22: 4071.86 | G22: ~ | J22: =Index!$C$2
A23: 46050 | B23: NSE | C23: Buy | D23: 3 | E23: 1972.59 | F23: 5917.77 | G23: ~ | J23: =Index!$C$2
A24: 46049 | B24: NSE | C24: Buy | D24: 3 | E24: 1998.27 | F24: 5994.81 | G24: ~ | J24: =Index!$C$2
A25: 46044 | B25: NSE | C25: Buy | D25: 3 | E25: 2010.26 | F25: 6030.78 | G25: ~ | J25: =Index!$C$2
A26: 46038 | B26: NSE | C26: Buy | D26: 3 | E26: 2008.74 | F26: 6026.22 | G26: ~ | J26: =Index!$C$2
A27: 46034 | B27: NSE | C27: Buy | D27: 5 | E27: 2019.62 | F27: 10098.1 | G27: ~ | J27: =Index!$C$2
A28: 46030 | B28: NSE | C28: Buy | D28: 3 | E28: 2082.44 | F28: 6247.32 | G28: ~ | J28: =Index!$C$2
A29: 46027 | B29: NSE | C29: Buy | D29: 3 | E29: 2117 | F29: 6351 | G29: ~ | J29: =Index!$C$2
A30: 46022 | B30: NSE | C30: Buy | D30: 2 | E30: 2110.84 | F30: 4221.68 | G30: ~ | J30: =Index!$C$2
A31: 46020 | B31: NSE | C31: Buy | D31: 2 | E31: 2111.74 | F31: 4223.48 | G31: ~ | J31: =Index!$C$2
A32: 46017 | B32: NSE | C32: Buy | D32: 2 | E32: 2131.09 | F32: 4262.18 | G32: ~ | J32: =Index!$C$2
... A34: 46009 | B34: NSE | C34: Buy | D34: 2 | E34: 2120.93 | F34: 4241.86 | G34: ~ | J34: =Index!$C$2

Sheet Index
B1: Code | C1: NSE:BHARTIARTL
B2: Current Price | C2: 0 | E2: Commission | F2: 0.007
B3: 52 Week High | C3: 0
B4: 52 Week Low | C4: 0
B6: UnRealised
A8: All | B8: Units | C8: 0
B11: Invested | C11: 0
