Workbook

Sheet Trading History
K2: UnRealised | W2: Realised
K3: Total | O3: Short Term | S3: Long Term
A4: DATE | B4: EXCH | C4: ACTION | D4: QTY | E4: PRICE | F4: COST | G4: REMARKS | H4: STT | I4: ADD CHRG | J4: Current Price | K4: Gain % | L4: Gain | M4: Gross | N4: Units | O4: Gain % | P4: Gain | Q4: Gross | R4: Units | S4: Gain % | T4: Gain | U4: Gross | V4: Units | W4: Price | X4: Date | Y4: Gain % | Z4: Gain | AA4: Gross | AB4: Units | AC4: DIV | AD4: Broker
A5: 46063 | B5: NSE | C5: Sell | D5: 20 | E5: 1129.6785 | F5: 22593.57 | G5: CN#252611730667 | H5: 22.73 | I5: 135.15
A6: 46062 | B6: NSE | C6: Sell | D6: 50 | E6: 1076.4808 | F6: 53824.04 | G6: CN#252611665409 | H6: 54.13 | I6: 321.83
A7: 46059 | B7: NSE | C7: Sell | D7: 10 | E7: 1008.15 | F7: 10081.5 | G7: ~
A8: 46059 | B8: BSE | C8: Sell | D8: 10 | E8: 1008.15 | F8: 10081.5 | G8: ~
A9: 46059 | B9: NSE | C9: Sell | D9: 5 | E9: 1008.15 | F9: 5040.75 | G9: ~
A10: 46059 | B10: NSE | C10: Sell | D10: 5 | E10: 1008.15 | F10: 5040.75 | G10: ~
A11: 46059 | B11: BSE | C11: Sell | D11: 10 | E11: 1008.15 | F11: 10081.5 | G11: ~
A12: 46059 | B12: NSE | C12: Sell | D12: 1 | E12: 1008.15 | F12: 1008.15 | G12: ~
A13: 46059 | B13: NSE | C13: Sell | D13: 1 | E13: 1108.25 | F13: 1108.25 | G13: ~
A14: 46059 | B14: NSE | C14: Sell | D14: 8 | E14: 1108.25 | F14: 8866 | G14: ~
A15: 46049 | B15: NSE | C15: Buy | D15: 3 | E15: 777.55 | F15: 2349.2 | G15: ~ | H15: 2.33 | I15: 14.22
A16: 46049 | B16: NSE | C16: Buy | D16: 2 | E16: 777.55 | F16: 1566.12 | G16: ~ | H16: 1.56 | I16: 9.46
A17: 46034 | B17: NSE | C17: Buy | D17: 5 | E17: 794.9 | F17: 4002.64 | G17: ~ | H17: 3.98 | I17: 24.16
A18: 46030 | B18: NSE | C18: Buy | D18: 5 | E18: 807.2 | F18: 4064.61 | G18: ~ | H18: 4.02 | I18: 24.59
A19: 46002 | B19: BSE | C19: Buy | D19: 4 | E19: 809.55 | F19: 3261.19 | G19: ~ | H19: 3.25 | I19: 19.74
A20: 46002 | B20: BSE | C20: Buy | D20: 1 | E20: 809.5 | F20: 815.23 | G20: ~ | H20: 0.81 | I20: 4.92
A21: 45961 | B21: NSE | C21: Buy | D21: 3 | E21: 703.85 | F21: 2126.52 | G21: ~ | H21: 2.1 | I21: 12.87
A22: 45961 | B22: NSE | C22: Buy | D22: 2 | E22: 703.8 | F22: 1417.56 | G22: ~ | H22: 1.41 | I22: 8.55
A23: 45959 | B23: BSE | C23: Buy | D23: 1 | E23: 717.8 | F23: 722.89 | G23: ~ | H23: 0.72 | I23: 4.37
A24: 45959 | B24: BSE | C24: Buy | D24: 4 | E24: 717.95 | F24: 2892.14 | G24: ~ | H24: 2.86 | I24: 17.48
A25: 45957 | B25: NSE | C25: Buy | D25: 5 | E25: 719.5 | F25: 3623.02 | G25: ~ | H25: 3.61 | I25: 21.91
A26: 45954 | B26: NSE | C26: Buy | D26: 5 | E26: 723.9 | F26: 3645.15 | G26: ~ | H26: 3.62 | I26: 22.03
... A28: 45953 | B28: NSE | C28: Buy | D28: 1 | E28: 730.85 | F28: 736.02 | G28: ~ | H28: 0.73 | I28: 4.44
A29: 45950 | B29: NSE | C29: Buy | D29: 1 | E29: 672.55 | F29: 677.3 | G29: ~ | H29: 0.67 | I29: 4.08 | W29: 1008.15 | X29: 46059 | Y29: 0.485155 | Z29: 330.9 | AA29: 1003.45 | AB29: 1
A30: 45950 | B30: NSE | C30: Buy | D30: 9 | E30: 672.55 | F30: 6095.84 | G30: ~ | H30: 6.05 | I30: 36.84 | W30: 1008.15 | X30: 46059 | Y30: 0.485135 | Z30: 2978.11 | AA30: 9031.06 | AB30: 9
A31: 45947 | B31: BSE | C31: Buy | D31: 7 | E31: 690.85 | F31: 4870.24 | G31: ~ | H31: 4.85 | I31: 29.44 | W31: 1008.15 | X31: 46059 | Y31: 0.446526 | Z31: 2190 | AA31: 7025.95 | AB31: 7
A32: 45947 | B32: BSE | C32: Buy | D32: 3 | E32: 690.8 | F32: 2087.09 | G32: ~ | H32: 2.07 | I32: 12.62 | W32: 1008.15 | X32: 46059 | Y32: 0.446631 | Z32: 938.72 | AA32: 3011.12 | AB32: 3
A33: 45924 | B33: NSE | C33: Buy | D33: 10 | E33: 678.95 | F33: 6837.55 | G33: ~ | H33: 6.76 | I33: 41.29 | W33: 1008.15 | X33: 46059 | Y33: 0.235703 | Z33: 1622.96 | AA33: 5017.71 | AB33: 5
A34: 45903 | B34: BSE | C34: Buy | D34: 10 | E34: 677.75 | F34: 6825.62 | G34: ~ | H34: 6.8 | I34: 41.32 | W34: 1008.15 | X34: 46059 | Y34: 0.23697 | Z34: 1628.87 | AA34: 5017.62 | AB34: 5
A35: 45897 | B35: NSE | C35: Buy | D35: 5 | E35: 625.8 | F35: 3151.23 | G35: ~ | H35: 3.13 | I35: 19.1 | W35: 1008.15 | X35: 46059 | Y35: 0.593986 | Z35: 1884.99 | AA35: 5013.99 | AB35: 5
A36: 45876 | B36: DIV | C36: Buy | D36: 25 | E36: 9 | F36: 225 | G36: Annual-Dividend of Rs.9.0000/- per share on Ex-Date: 07-AUG-2025 Annual-Dividend of Rs.9.0000/- per share on Ex-Date: 07-AUG-2025 | H36: 0 | I36: 0
A37: 45873 | B37: NSE | C37: Buy | D37: 5 | E37: 665.2 | F37: 3349.66 | G37: ~ | H37: 3.37 | I37: 20.29 | W37: 1008.15 | X37: 46059 | Y37: 0.501209 | Z37: 1690.74 | AA37: 5016.74 | AB37: 5
A38: 45855 | B38: BSE | C38: Buy | D38: 10 | E38: 741.22 | F38: 7412.23 | G38: ~ | H38: 7.36 | I38: 44.87 | J38: =Index!$C$2 | K38: =IF(AND( C19="Buy", ISBLANK(W19), B19<>"DIV"), L19/SUM(F19:I19), "") | L38: =IF(AND( C19="Buy", ISBLANK(W19), B19<>"DIV"), (1-Index!$F$2*2)*((J19*D19)-(E19*D19)), "") | M38: =IF(AND( C19="Buy", ISBLANK(W19), B19<>"DIV"), ((E19*D19)+L19), "") | N38: =IF(AND( C19="Buy", ISBLANK(W19), B19<>"DIV"), D19, "") | O38: =IF(AND( C19="Buy", ISBLANK(W19), B19<>"DIV", NOW()-A19 < 365), P19/SUM(F19:I19), "") | P38: =IF(AND( C19="Buy", ISBLANK(W19), B19<>"DIV", NOW()-A19 < 365), (1-Index!$F$2*2)*((J19*D19)-(E19*D19)), "") | Q38: =IF(AND( C19="Buy", ISBLANK(W19), B19<>"DIV", NOW()-A19 < 365), ((E19*D19)+P19), "") | R38: =IF(AND( C19="Buy", ISBLANK(W19), B19<>"DIV", NOW()-A19 < 365), D19, "") | S38: =IF(AND( C19="Buy", ISBLANK(W19), B19<>"DIV", NOW()-A19 > 365), T19/SUM(F19:I19), "") | T38: =IF(AND( C19="Buy", ISBLANK(W19), B19<>"DIV", NOW()-A19 > 365), (1-Index!$F$2*2)*((J19*D19)-(E19*D19)), "") | U38: =IF(AND( C19="Buy", ISBLANK(W19), B19<>"DIV", NOW()-A19 > 365), ((E19*D19)+T19), "") | V38: =IF(AND( C19="Buy", ISBLANK(W19), B19<>"DIV", NOW()-A19 > 365), D19, "") | W38: 1008.15 | X38: 46059 | Y38: 0.035259 | Z38: 263.19 | AA38: 1004.41 | AB38: 1 | AC38: =IF(B19="DIV", F19,"")
A39: 45812 | B39: NSE | C39: Buy | D39: 1 | E39: 774.3 | F39: 774.3 | G39: ~ | H39: 0.77 | I39: 4.68 | J39: =Index!$C$2 | K39: =IF(AND( C20="Buy", ISBLANK(W20), B20<>"DIV"), L20/SUM(F20:I20), "") | L39: =IF(AND( C20="Buy", ISBLANK(W20), B20<>"DIV"), (1-Index!$F$2*2)*((J20*D20)-(E20*D20)), "") | M39: =IF(AND( C20="Buy", ISBLANK(W20), B20<>"DIV"), ((E20*D20)+L20), "") | N39: =IF(AND( C20="Buy", ISBLANK(W20), B20<>"DIV"), D20, "") | O39: =IF(AND( C20="Buy", ISBLANK(W20), B20<>"DIV", NOW()-A20 < 365), P20/SUM(F20:I20), "") | P39: =IF(AND( C20="Buy", ISBLANK(W20), B20<>"DIV", NOW()-A20 < 365), (1-Index!$F$2*2)*((J20*D20)-(E20*D20)), "") | Q39: =IF(AND( C20="Buy", ISBLANK(W20), B20<>"DIV", NOW()-A20 < 365), ((E20*D20)+P20), "") | R39: =IF(AND( C20="Buy", ISBLANK(W20), B20<>"DIV", NOW()-A20 < 365), D20, "") | S39: =IF(AND( C20="Buy", ISBLANK(W20), B20<>"DIV", NOW()-A20 > 365), T20/SUM(F20:I20), "") | T39: =IF(AND( C20="Buy", ISBLANK(W20), B20<>"DIV", NOW()-A20 > 365), (1-Index!$F$2*2)*((J20*D20)-(E20*D20)), "") | U39: =IF(AND( C20="Buy", ISBLANK(W20), B20<>"DIV", NOW()-A20 > 365), ((E20*D20)+T20), "") | V39: =IF(AND( C20="Buy", ISBLANK(W20), B20<>"DIV", NOW()-A20 > 365), D20, "") | W39: 1108.25 | X39: 46059 | Y39: 0.422276 | Z39: 329.27 | AA39: 1103.57 | AB39: 1 | AC39: =IF(B20="DIV", F20,"")
A40: 45812 | B40: NSE | C40: Buy | D40: 8 | E40: 774.3 | F40: 6194.39 | G40: ~ | H40: 6.2 | I40: 37.39 | J40: =Index!$C$2 | K40: =IF(AND( C21="Buy", ISBLANK(W21), B21<>"DIV"), L21/SUM(F21:I21), "") | L40: =IF(AND( C21="Buy", ISBLANK(W21), B21<>"DIV"), (1-Index!$F$2*2)*((J21*D21)-(E21*D21)), "") | M40: =IF(AND( C21="Buy", ISBLANK(W21), B21<>"DIV"), ((E21*D21)+L21), "") | N40: =IF(AND( C21="Buy", ISBLANK(W21), B21<>"DIV"), D21, "") | O40: =IF(AND( C21="Buy", ISBLANK(W21), B21<>"DIV", NOW()-A21 < 365), P21/SUM(F21:I21), "") | P40: =IF(AND( C21="Buy", ISBLANK(W21), B21<>"DIV", NOW()-A21 < 365), (1-Index!$F$2*2)*((J21*D21)-(E21*D21)), "") | Q40: =IF(AND( C21="Buy", ISBLANK(W21), B21<>"DIV", NOW()-A21 < 365), ((E21*D21)+P21), "") | R40: =IF(AND( C21="Buy", ISBLANK(W21), B21<>"DIV", NOW()-A21 < 365), D21, "") | S40: =IF(AND( C21="Buy", ISBLANK(W21), B21<>"DIV", NOW()-A21 > 365), T21/SUM(F21:I21), "") | T40: =IF(AND( C21="Buy", ISBLANK(W21), B21<>"DIV", NOW()-A21 > 365), (1-Index!$F$2*2)*((J21*D21)-(E21*D21)), "") | U40: =IF(AND( C21="Buy", ISBLANK(W21), B21<>"DIV", NOW()-A21 > 365), ((E21*D21)+T21), "") | V40: =IF(AND( C21="Buy", ISBLANK(W21), B21<>"DIV", NOW()-A21 > 365), D21, "") | W40: 1108.25 | X40: 46059 | Y40: 0.369498 | Z40: 2304.92 | AA40: 7725.02 | AB40: 7 | AC40: =IF(B21="DIV", F21,"")
A41: 45812 | B41: NSE | C41: Buy | D41: 1 | E41: 774.3 | F41: 774.3 | G41: ~ | H41: 0.77 | I41: 4.68 | J41: =Index!$C$2 | K41: =IF(AND( C22="Buy", ISBLANK(W22), B22<>"DIV"), L22/SUM(F22:I22), "") | L41: =IF(AND( C22="Buy", ISBLANK(W22), B22<>"DIV"), (1-Index!$F$2*2)*((J22*D22)-(E22*D22)), "") | M41: =IF(AND( C22="Buy", ISBLANK(W22), B22<>"DIV"), ((E22*D22)+L22), "") | N41: =IF(AND( C22="Buy", ISBLANK(W22), B22<>"DIV"), D22, "") | O41: =IF(AND( C22="Buy", ISBLANK(W22), B22<>"DIV", NOW()-A22 < 365), P22/SUM(F22:I22), "") | P41: =IF(AND( C22="Buy", ISBLANK(W22), B22<>"DIV", NOW()-A22 < 365), (1-Index!$F$2*2)*((J22*D22)-(E22*D22)), "") | Q41: =IF(AND( C22="Buy", ISBLANK(W22), B22<>"DIV", NOW()-A22 < 365), ((E22*D22)+P22), "") | R41: =IF(AND( C22="Buy", ISBLANK(W22), B22<>"DIV", NOW()-A22 < 365), D22, "") | S41: =IF(AND( C22="Buy", ISBLANK(W22), B22<>"DIV", NOW()-A22 > 365), T22/SUM(F22:I22), "") | T41: =IF(AND( C22="Buy", ISBLANK(W22), B22<>"DIV", NOW()-A22 > 365), (1-Index!$F$2*2)*((J22*D22)-(E22*D22)), "") | U41: =IF(AND( C22="Buy", ISBLANK(W22), B22<>"DIV", NOW()-A22 > 365), ((E22*D22)+T22), "") | V41: =IF(AND( C22="Buy", ISBLANK(W22), B22<>"DIV", NOW()-A22 > 365), D22, "") | W41: 1108.25 | X41: 46059 | Y41: 0.422276 | Z41: 329.27 | AA41: 1103.57 | AB41: 1 | AC41: =IF(B22="DIV", F22,"")
A42: 45306 | B42: NSE | C42: Sell | D42: 10 | E42: 554.28 | F42: 5542.84 | G42: ~ | H42: 6 | I42: 33.16 | J42: =Index!$C$2 | K42: =IF(AND( C23="Buy", ISBLANK(W23), B23<>"DIV"), L23/SUM(F23:I23), "") | L42: =IF(AND( C23="Buy", ISBLANK(W23), B23<>"DIV"), (1-Index!$F$2*2)*((J23*D23)-(E23*D23)), "") | M42: =IF(AND( C23="Buy", ISBLANK(W23), B23<>"DIV"), ((E23*D23)+L23), "") | N42: =IF(AND( C23="Buy", ISBLANK(W23), B23<>"DIV"), D23, "") | O42: =IF(AND( C23="Buy", ISBLANK(W23), B23<>"DIV", NOW()-A23 < 365), P23/SUM(F23:I23), "") | P42: =IF(AND( C23="Buy", ISBLANK(W23), B23<>"DIV", NOW()-A23 < 365), (1-Index!$F$2*2)*((J23*D23)-(E23*D23)), "") | Q42: =IF(AND( C23="Buy", ISBLANK(W23), B23<>"DIV", NOW()-A23 < 365), ((E23*D23)+P23), "") | R42: =IF(AND( C23="Buy", ISBLANK(W23), B23<>"DIV", NOW()-A23 < 365), D23, "") | S42: =IF(AND( C23="Buy", ISBLANK(W23), B23<>"DIV", NOW()-A23 > 365), T23/SUM(F23:I23), "") | T42: =IF(AND( C23="Buy", ISBLANK(W23), B23<>"DIV", NOW()-A23 > 365), (1-Index!$F$2*2)*((J23*D23)-(E23*D23)), "") | U42: =IF(AND( C23="Buy", ISBLANK(W23), B23<>"DIV", NOW()-A23 > 365), ((E23*D23)+T23), "") | V42: =IF(AND( C23="Buy", ISBLANK(W23), B23<>"DIV", NOW()-A23 > 365), D23, "") | Y42: =IF(AND( C23="Buy", W23<>"", AA23<>"", B23<>"DIV"), Z23/SUM(F23:I23), "") | AC42: =IF(B23="DIV", F23,"")
A43: 45303 | B43: NSE | C43: Sell | D43: 30 | E43: 492.45 | F43: 14773.61 | G43: ~ | H43: 15 | I43: 88.39 | J43: =Index!$C$2 | K43: =IF(AND( C24="Buy", ISBLANK(W24), B24<>"DIV"), L24/SUM(F24:I24), "") | L43: =IF(AND( C24="Buy", ISBLANK(W24), B24<>"DIV"), (1-Index!$F$2*2)*((J24*D24)-(E24*D24)), "") | M43: =IF(AND( C24="Buy", ISBLANK(W24), B24<>"DIV"), ((E24*D24)+L24), "") | N43: =IF(AND( C24="Buy", ISBLANK(W24), B24<>"DIV"), D24, "") | O43: =IF(AND( C24="Buy", ISBLANK(W24), B24<>"DIV", NOW()-A24 < 365), P24/SUM(F24:I24), "") | P43: =IF(AND( C24="Buy", ISBLANK(W24), B24<>"DIV", NOW()-A24 < 365), (1-Index!$F$2*2)*((J24*D24)-(E24*D24)), "") | Q43: =IF(AND( C24="Buy", ISBLANK(W24), B24<>"DIV", NOW()-A24 < 365), ((E24*D24)+P24), "") | R43: =IF(AND( C24="Buy", ISBLANK(W24), B24<>"DIV", NOW()-A24 < 365), D24, "") | S43: =IF(AND( C24="Buy", ISBLANK(W24), B24<>"DIV", NOW()-A24 > 365), T24/SUM(F24:I24), "") | T43: =IF(AND( C24="Buy", ISBLANK(W24), B24<>"DIV", NOW()-A24 > 365), (1-Index!$F$2*2)*((J24*D24)-(E24*D24)), "") | U43: =IF(AND( C24="Buy", ISBLANK(W24), B24<>"DIV", NOW()-A24 > 365), ((E24*D24)+T24), "") | V43: =IF(AND( C24="Buy", ISBLANK(W24), B24<>"DIV", NOW()-A24 > 365), D24, "") | Y43: =IF(AND( C24="Buy", W24<>"", AA24<>"", B24<>"DIV"), Z24/SUM(F24:I24), "") | AC43: =IF(B24="DIV", F24,"")
A44: 45303 | B44: NSE | C44: Sell | D44: 10 | E44: 492.45 | F44: 4924.53 | G44: ~ | H44: 5 | I44: 29.47 | J44: =Index!$C$2 | K44: =IF(AND( C25="Buy", ISBLANK(W25), B25<>"DIV"), L25/SUM(F25:I25), "") | L44: =IF(AND( C25="Buy", ISBLANK(W25), B25<>"DIV"), (1-Index!$F$2*2)*((J25*D25)-(E25*D25)), "") | M44: =IF(AND( C25="Buy", ISBLANK(W25), B25<>"DIV"), ((E25*D25)+L25), "") | N44: =IF(AND( C25="Buy", ISBLANK(W25), B25<>"DIV"), D25, "") | O44: =IF(AND( C25="Buy", ISBLANK(W25), B25<>"DIV", NOW()-A25 < 365), P25/SUM(F25:I25), "") | P44: =IF(AND( C25="Buy", ISBLANK(W25), B25<>"DIV", NOW()-A25 < 365), (1-Index!$F$2*2)*((J25*D25)-(E25*D25)), "") | Q44: =IF(AND( C25="Buy", ISBLANK(W25), B25<>"DIV", NOW()-A25 < 365), ((E25*D25)+P25), "") | R44: =IF(AND( C25="Buy", ISBLANK(W25), B25<>"DIV", NOW()-A25 < 365), D25, "") | S44: =IF(AND( C25="Buy", ISBLANK(W25), B25<>"DIV", NOW()-A25 > 365), T25/SUM(F25:I25), "") | T44: =IF(AND( C25="Buy", ISBLANK(W25), B25<>"DIV", NOW()-A25 > 365), (1-Index!$F$2*2)*((J25*D25)-(E25*D25)), "") | U44: =IF(AND( C25="Buy", ISBLANK(W25), B25<>"DIV", NOW()-A25 > 365), ((E25*D25)+T25), "") | V44: =IF(AND( C25="Buy", ISBLANK(W25), B25<>"DIV", NOW()-A25 > 365), D25, "") | Y44: =IF(AND( C25="Buy", W25<>"", AA25<>"", B25<>"DIV"), Z25/SUM(F25:I25), "") | AC44: =IF(B25="DIV", F25,"")
A45: 45282 | B45: NSE | C45: Buy | D45: 10 | E45: 402.13 | F45: 4021.34 | G45: ~ | H45: 3.99 | I45: 24.35 | J45: =Index!$C$2 | K45: =IF(AND( C26="Buy", ISBLANK(W26), B26<>"DIV"), L26/SUM(F26:I26), "") | L45: =IF(AND( C26="Buy", ISBLANK(W26), B26<>"DIV"), (1-Index!$F$2*2)*((J26*D26)-(E26*D26)), "") | M45: =IF(AND( C26="Buy", ISBLANK(W26), B26<>"DIV"), ((E26*D26)+L26), "") | N45: =IF(AND( C26="Buy", ISBLANK(W26), B26<>"DIV"), D26, "") | O45: =IF(AND( C26="Buy", ISBLANK(W26), B26<>"DIV", NOW()-A26 < 365), P26/SUM(F26:I26), "") | P45: =IF(AND( C26="Buy", ISBLANK(W26), B26<>"DIV", NOW()-A26 < 365), (1-Index!$F$2*2)*((J26*D26)-(E26*D26)), "") | Q45: =IF(AND( C26="Buy", ISBLANK(W26), B26<>"DIV", NOW()-A26 < 365), ((E26*D26)+P26), "") | R45: =IF(AND( C26="Buy", ISBLANK(W26), B26<>"DIV", NOW()-A26 < 365), D26, "") | S45: =IF(AND( C26="Buy", ISBLANK(W26), B26<>"DIV", NOW()-A26 > 365), T26/SUM(F26:I26), "") | T45: =IF(AND( C26="Buy", ISBLANK(W26), B26<>"DIV", NOW()-A26 > 365), (1-Index!$F$2*2)*((J26*D26)-(E26*D26)), "") | U45: =IF(AND( C26="Buy", ISBLANK(W26), B26<>"DIV", NOW()-A26 > 365), ((E26*D26)+T26), "") | V45: =IF(AND( C26="Buy", ISBLANK(W26), B26<>"DIV", NOW()-A26 > 365), D26, "") | W45: 513.06 | X45: 45306 | Y45: =IF(AND( C26="Buy", W26<>"", AA26<>"", B26<>"DIV"), Z26/SUM(F26:I26), "") | Z45: -221.85 | AA45: 225 | AB45: 25 | AC45: =IF(B26="DIV", F26,"")
A46: 45278 | B46: NSE | C46: Buy | D46: 10 | E46: 399.61 | F46: 3996.05 | G46: ~ | H46: 3.96 | I46: 24.09 | J46: =Index!$C$2 | K46: =IF(AND( C27="Buy", ISBLANK(W27), B27<>"DIV"), L27/SUM(F27:I27), "") | L46: =IF(AND( C27="Buy", ISBLANK(W27), B27<>"DIV"), (1-Index!$F$2*2)*((J27*D27)-(E27*D27)), "") | M46: =IF(AND( C27="Buy", ISBLANK(W27), B27<>"DIV"), ((E27*D27)+L27), "") | N46: =IF(AND( C27="Buy", ISBLANK(W27), B27<>"DIV"), D27, "") | O46: =IF(AND( C27="Buy", ISBLANK(W27), B27<>"DIV", NOW()-A27 < 365), P27/SUM(F27:I27), "") | P46: =IF(AND( C27="Buy", ISBLANK(W27), B27<>"DIV", NOW()-A27 < 365), (1-Index!$F$2*2)*((J27*D27)-(E27*D27)), "") | Q46: =IF(AND( C27="Buy", ISBLANK(W27), B27<>"DIV", NOW()-A27 < 365), ((E27*D27)+P27), "") | R46: =IF(AND( C27="Buy", ISBLANK(W27), B27<>"DIV", NOW()-A27 < 365), D27, "") | S46: =IF(AND( C27="Buy", ISBLANK(W27), B27<>"DIV", NOW()-A27 > 365), T27/SUM(F27:I27), "") | T46: =IF(AND( C27="Buy", ISBLANK(W27), B27<>"DIV", NOW()-A27 > 365), (1-Index!$F$2*2)*((J27*D27)-(E27*D27)), "") | U46: =IF(AND( C27="Buy", ISBLANK(W27), B27<>"DIV", NOW()-A27 > 365), ((E27*D27)+T27), "") | V46: =IF(AND( C27="Buy", ISBLANK(W27), B27<>"DIV", NOW()-A27 > 365), D27, "") | W46: 513.06 | X46: 45306 | Y46: =IF(AND( C27="Buy", W27<>"", AA27<>"", B27<>"DIV"), Z27/SUM(F27:I27), "") | Z46: -3279.436 | AA46: 3326 | AB46: 5 | AC46: =IF(B27="DIV", F27,"")
A47: 45258 | B47: NSE | C47: Buy | D47: 7 | E47: 399.21 | F47: 2794.47 | G47: ~ | H47: 2.77 | I47: 16.9 | J47: =Index!$C$2 | K47: =IF(AND(#REF!= "Buy", ISBLANK(#REF!),#REF!<> "DIV"),#REF!/ SUM(#REF!), "") | L47: =IF(AND(#REF!= "Buy", ISBLANK(#REF!),#REF!<> "DIV"), (1-Index!$F$2*2)*((#REF!*#REF!)-(#REF!*#REF!)), "") | M47: =IF(AND(#REF!= "Buy", ISBLANK(#REF!),#REF!<> "DIV"), ((#REF!*#REF!)+#REF!), "") | N47: =IF(AND(#REF!= "Buy", ISBLANK(#REF!),#REF!<> "DIV"),#REF!, "") | O47: =IF(AND(#REF!= "Buy", ISBLANK(#REF!),#REF!<> "DIV", NOW()-#REF! < 365),#REF!/ SUM(#REF!), "") | P47: =IF(AND(#REF!= "Buy", ISBLANK(#REF!),#REF!<> "DIV", NOW()-#REF! < 365), (1-Index!$F$2*2)*((#REF!*#REF!)-(#REF!*#REF!)), "") | Q47: =IF(AND(#REF!= "Buy", ISBLANK(#REF!),#REF!<> "DIV", NOW()-#REF! < 365), ((#REF!*#REF!)+#REF!), "") | R47: =IF(AND(#REF!= "Buy", ISBLANK(#REF!),#REF!<> "DIV", NOW()-#REF! < 365),#REF!, "") | S47: =IF(AND(#REF!= "Buy", ISBLANK(#REF!),#REF!<> "DIV", NOW()-#REF! > 365),#REF!/ SUM(#REF!), "") | T47: =IF(AND(#REF!= "Buy", ISBLANK(#REF!),#REF!<> "DIV", NOW()-#REF! > 365), (1-Index!$F$2*2)*((#REF!*#REF!)-(#REF!*#REF!)), "") | U47: =IF(AND(#REF!= "Buy", ISBLANK(#REF!),#REF!<> "DIV", NOW()-#REF! > 365), ((#REF!*#REF!)+#REF!), "") | V47: =IF(AND(#REF!= "Buy", ISBLANK(#REF!),#REF!<> "DIV", NOW()-#REF! > 365),#REF!, "") | W47: 513.06 | X47: 45306 | Y47: #REF! | Z47: #REF! | AA47: #REF! | AB47: #REF! | AC47: =IF(#REF!="DIV",#REF!, "")
A48: 45225 | B48: NSE | C48: Buy | D48: 4 | E48: 392.37 | F48: 1569.46 | G48: ~ | H48: 1.57 | I48: 9.49 | J48: =Index!$C$2 | K48: =IF(AND(#REF!= "Buy", ISBLANK(#REF!),#REF!<> "DIV"),#REF!/ SUM(#REF!), "") | L48: =IF(AND(#REF!= "Buy", ISBLANK(#REF!),#REF!<> "DIV"), (1-Index!$F$2*2)*((#REF!*#REF!)-(#REF!*#REF!)), "") | M48: =IF(AND(#REF!= "Buy", ISBLANK(#REF!),#REF!<> "DIV"), ((#REF!*#REF!)+#REF!), "") | N48: =IF(AND(#REF!= "Buy", ISBLANK(#REF!),#REF!<> "DIV"),#REF!, "") | O48: =IF(AND(#REF!= "Buy", ISBLANK(#REF!),#REF!<> "DIV", NOW()-#REF! < 365),#REF!/ SUM(#REF!), "") | P48: =IF(AND(#REF!= "Buy", ISBLANK(#REF!),#REF!<> "DIV", NOW()-#REF! < 365), (1-Index!$F$2*2)*((#REF!*#REF!)-(#REF!*#REF!)), "") | Q48: =IF(AND(#REF!= "Buy", ISBLANK(#REF!),#REF!<> "DIV", NOW()-#REF! < 365), ((#REF!*#REF!)+#REF!), "") | R48: =IF(AND(#REF!= "Buy", ISBLANK(#REF!),#REF!<> "DIV", NOW()-#REF! < 365),#REF!, "") | S48: =IF(AND(#REF!= "Buy", ISBLANK(#REF!),#REF!<> "DIV", NOW()-#REF! > 365),#REF!/ SUM(#REF!), "") | T48: =IF(AND(#REF!= "Buy", ISBLANK(#REF!),#REF!<> "DIV", NOW()-#REF! > 365), (1-Index!$F$2*2)*((#REF!*#REF!)-(#REF!*#REF!)), "") | U48: =IF(AND(#REF!= "Buy", ISBLANK(#REF!),#REF!<> "DIV", NOW()-#REF! > 365), ((#REF!*#REF!)+#REF!), "") | V48: =IF(AND(#REF!= "Buy", ISBLANK(#REF!),#REF!<> "DIV", NOW()-#REF! > 365),#REF!, "") | W48: 513.06 | X48: 45306 | Y48: #REF! | Z48: #REF! | AA48: #REF! | AB48: #REF! | AC48: =IF(#REF!="DIV",#REF!, "")
A49: 45183 | B49: NSE | C49: Sell | D49: 36 | E49: 459.59 | F49: 16545.32 | G49: ~ | H49: 16.68 | I49: 98.8 | J49: =Index!$C$2 | K49: =IF(AND(#REF!= "Buy", ISBLANK(#REF!),#REF!<> "DIV"),#REF!/ SUM(#REF!), "") | L49: =IF(AND(#REF!= "Buy", ISBLANK(#REF!),#REF!<> "DIV"), (1-Index!$F$2*2)*((#REF!*#REF!)-(#REF!*#REF!)), "") | M49: =IF(AND(#REF!= "Buy", ISBLANK(#REF!),#REF!<> "DIV"), ((#REF!*#REF!)+#REF!), "") | N49: =IF(AND(#REF!= "Buy", ISBLANK(#REF!),#REF!<> "DIV"),#REF!, "") | O49: =IF(AND(#REF!= "Buy", ISBLANK(#REF!),#REF!<> "DIV", NOW()-#REF! < 365),#REF!/ SUM(#REF!), "") | P49: =IF(AND(#REF!= "Buy", ISBLANK(#REF!),#REF!<> "DIV", NOW()-#REF! < 365), (1-Index!$F$2*2)*((#REF!*#REF!)-(#REF!*#REF!)), "") | Q49: =IF(AND(#REF!= "Buy", ISBLANK(#REF!),#REF!<> "DIV", NOW()-#REF! < 365), ((#REF!*#REF!)+#REF!), "") | R49: =IF(AND(#REF!= "Buy", ISBLANK(#REF!),#REF!<> "DIV", NOW()-#REF! < 365),#REF!, "") | S49: =IF(AND(#REF!= "Buy", ISBLANK(#REF!),#REF!<> "DIV", NOW()-#REF! > 365),#REF!/ SUM(#REF!), "") | T49: =IF(AND(#REF!= "Buy", ISBLANK(#REF!),#REF!<> "DIV", NOW()-#REF! > 365), (1-Index!$F$2*2)*((#REF!*#REF!)-(#REF!*#REF!)), "") | U49: =IF(AND(#REF!= "Buy", ISBLANK(#REF!),#REF!<> "DIV", NOW()-#REF! > 365), ((#REF!*#REF!)+#REF!), "") | V49: =IF(AND(#REF!= "Buy", ISBLANK(#REF!),#REF!<> "DIV", NOW()-#REF! > 365),#REF!, "") | Y49: #REF! | AC49: =IF(#REF!="DIV",#REF!, "")
A50: 45181 | B50: BSE | C50: Buy | D50: 4 | E50: 433.95 | F50: 1735.79 | G50: ~ | H50: 1.72 | I50: 10.47 | J50: =Index!$C$2 | K50: =IF(AND(#REF!= "Buy", ISBLANK(#REF!),#REF!<> "DIV"),#REF!/ SUM(#REF!), "") | L50: =IF(AND(#REF!= "Buy", ISBLANK(#REF!),#REF!<> "DIV"), (1-Index!$F$2*2)*((#REF!*#REF!)-(#REF!*#REF!)), "") | M50: =IF(AND(#REF!= "Buy", ISBLANK(#REF!),#REF!<> "DIV"), ((#REF!*#REF!)+#REF!), "") | N50: =IF(AND(#REF!= "Buy", ISBLANK(#REF!),#REF!<> "DIV"),#REF!, "") | O50: =IF(AND(#REF!= "Buy", ISBLANK(#REF!),#REF!<> "DIV", NOW()-#REF! < 365),#REF!/ SUM(#REF!), "") | P50: =IF(AND(#REF!= "Buy", ISBLANK(#REF!),#REF!<> "DIV", NOW()-#REF! < 365), (1-Index!$F$2*2)*((#REF!*#REF!)-(#REF!*#REF!)), "") | Q50: =IF(AND(#REF!= "Buy", ISBLANK(#REF!),#REF!<> "DIV", NOW()-#REF! < 365), ((#REF!*#REF!)+#REF!), "") | R50: =IF(AND(#REF!= "Buy", ISBLANK(#REF!),#REF!<> "DIV", NOW()-#REF! < 365),#REF!, "") | S50: =IF(AND(#REF!= "Buy", ISBLANK(#REF!),#REF!<> "DIV", NOW()-#REF! > 365),#REF!/ SUM(#REF!), "") | T50: =IF(AND(#REF!= "Buy", ISBLANK(#REF!),#REF!<> "DIV", NOW()-#REF! > 365), (1-Index!$F$2*2)*((#REF!*#REF!)-(#REF!*#REF!)), "") | U50: =IF(AND(#REF!= "Buy", ISBLANK(#REF!),#REF!<> "DIV", NOW()-#REF! > 365), ((#REF!*#REF!)+#REF!), "") | V50: =IF(AND(#REF!= "Buy", ISBLANK(#REF!),#REF!<> "DIV", NOW()-#REF! > 365),#REF!, "") | W50: 513.06 | X50: 45306 | Y50: #REF! | Z50: #REF! | AA50: #REF! | AB50: #REF! | AC50: =IF(#REF!="DIV",#REF!, "")
A51: 45180 | B51: NSE | C51: Buy | D51: 10 | E51: 444.44 | F51: 4444.36 | G51: ~ | H51: 4.4 | I51: 26.96 | J51: =Index!$C$2 | K51: =IF(AND(#REF!= "Buy", ISBLANK(#REF!),#REF!<> "DIV"),#REF!/ SUM(#REF!), "") | L51: =IF(AND(#REF!= "Buy", ISBLANK(#REF!),#REF!<> "DIV"), (1-Index!$F$2*2)*((#REF!*#REF!)-(#REF!*#REF!)), "") | M51: =IF(AND(#REF!= "Buy", ISBLANK(#REF!),#REF!<> "DIV"), ((#REF!*#REF!)+#REF!), "") | N51: =IF(AND(#REF!= "Buy", ISBLANK(#REF!),#REF!<> "DIV"),#REF!, "") | O51: =IF(AND(#REF!= "Buy", ISBLANK(#REF!),#REF!<> "DIV", NOW()-#REF! < 365),#REF!/ SUM(#REF!), "") | P51: =IF(AND(#REF!= "Buy", ISBLANK(#REF!),#REF!<> "DIV", NOW()-#REF! < 365), (1-Index!$F$2*2)*((#REF!*#REF!)-(#REF!*#REF!)), "") | Q51: =IF(AND(#REF!= "Buy", ISBLANK(#REF!),#REF!<> "DIV", NOW()-#REF! < 365), ((#REF!*#REF!)+#REF!), "") | R51: =IF(AND(#REF!= "Buy", ISBLANK(#REF!),#REF!<> "DIV", NOW()-#REF! < 365),#REF!, "") | S51: =IF(AND(#REF!= "Buy", ISBLANK(#REF!),#REF!<> "DIV", NOW()-#REF! > 365),#REF!/ SUM(#REF!), "") | T51: =IF(AND(#REF!= "Buy", ISBLANK(#REF!),#REF!<> "DIV", NOW()-#REF! > 365), (1-Index!$F$2*2)*((#REF!*#REF!)-(#REF!*#REF!)), "") | U51: =IF(AND(#REF!= "Buy", ISBLANK(#REF!),#REF!<> "DIV", NOW()-#REF! > 365), ((#REF!*#REF!)+#REF!), "") | V51: =IF(AND(#REF!= "Buy", ISBLANK(#REF!),#REF!<> "DIV", NOW()-#REF! > 365),#REF!, "") | W51: 513.06 | X51: 45306 | Y51: #REF! | Z51: #REF! | AA51: #REF! | AB51: #REF! | AC51: =IF(#REF!="DIV",#REF!, "")
A52: 45162 | B52: BSE | C52: Buy | D52: 5 | E52: 433.05 | F52: 2165.25 | G52: ~ | H52: 2.13 | I52: 13.12 | J52: =Index!$C$2 | K52: =IF(AND(#REF!= "Buy", ISBLANK(#REF!),#REF!<> "DIV"),#REF!/ SUM(#REF!), "") | L52: =IF(AND(#REF!= "Buy", ISBLANK(#REF!),#REF!<> "DIV"), (1-Index!$F$2*2)*((#REF!*#REF!)-(#REF!*#REF!)), "") | M52: =IF(AND(#REF!= "Buy", ISBLANK(#REF!),#REF!<> "DIV"), ((#REF!*#REF!)+#REF!), "") | N52: =IF(AND(#REF!= "Buy", ISBLANK(#REF!),#REF!<> "DIV"),#REF!, "") | O52: =IF(AND(#REF!= "Buy", ISBLANK(#REF!),#REF!<> "DIV", NOW()-#REF! < 365),#REF!/ SUM(#REF!), "") | P52: =IF(AND(#REF!= "Buy", ISBLANK(#REF!),#REF!<> "DIV", NOW()-#REF! < 365), (1-Index!$F$2*2)*((#REF!*#REF!)-(#REF!*#REF!)), "") | Q52: =IF(AND(#REF!= "Buy", ISBLANK(#REF!),#REF!<> "DIV", NOW()-#REF! < 365), ((#REF!*#REF!)+#REF!), "") | R52: =IF(AND(#REF!= "Buy", ISBLANK(#REF!),#REF!<> "DIV", NOW()-#REF! < 365),#REF!, "") | S52: =IF(AND(#REF!= "Buy", ISBLANK(#REF!),#REF!<> "DIV", NOW()-#REF! > 365),#REF!/ SUM(#REF!), "") | T52: =IF(AND(#REF!= "Buy", ISBLANK(#REF!),#REF!<> "DIV", NOW()-#REF! > 365), (1-Index!$F$2*2)*((#REF!*#REF!)-(#REF!*#REF!)), "") | U52: =IF(AND(#REF!= "Buy", ISBLANK(#REF!),#REF!<> "DIV", NOW()-#REF! > 365), ((#REF!*#REF!)+#REF!), "") | V52: =IF(AND(#REF!= "Buy", ISBLANK(#REF!),#REF!<> "DIV", NOW()-#REF! > 365),#REF!, "") | W52: 513.06 | X52: 45306 | Y52: #REF! | Z52: #REF! | AA52: #REF! | AB52: #REF! | AC52: =IF(#REF!="DIV",#REF!, "")
A53: 45141 | B53: DIV | C53: Buy | D53: 10 | E53: 6.25 | F53: 62.5 | G53: Annual-Dividend of Rs.6.2500/- per share on Ex-Date: 03-AUG-2023 | H53: 0 | I53: 0 | J53: =Index!$C$2 | K53: =IF(AND(#REF!= "Buy", ISBLANK(#REF!),#REF!<> "DIV"),#REF!/ SUM(#REF!), "") | L53: =IF(AND(#REF!= "Buy", ISBLANK(#REF!),#REF!<> "DIV"), (1-Index!$F$2*2)*((#REF!*#REF!)-(#REF!*#REF!)), "") | M53: =IF(AND(#REF!= "Buy", ISBLANK(#REF!),#REF!<> "DIV"), ((#REF!*#REF!)+#REF!), "") | N53: =IF(AND(#REF!= "Buy", ISBLANK(#REF!),#REF!<> "DIV"),#REF!, "") | O53: =IF(AND(#REF!= "Buy", ISBLANK(#REF!),#REF!<> "DIV", NOW()-#REF! < 365),#REF!/ SUM(#REF!), "") | P53: =IF(AND(#REF!= "Buy", ISBLANK(#REF!),#REF!<> "DIV", NOW()-#REF! < 365), (1-Index!$F$2*2)*((#REF!*#REF!)-(#REF!*#REF!)), "") | Q53: =IF(AND(#REF!= "Buy", ISBLANK(#REF!),#REF!<> "DIV", NOW()-#REF! < 365), ((#REF!*#REF!)+#REF!), "") | R53: =IF(AND(#REF!= "Buy", ISBLANK(#REF!),#REF!<> "DIV", NOW()-#REF! < 365),#REF!, "") | S53: =IF(AND(#REF!= "Buy", ISBLANK(#REF!),#REF!<> "DIV", NOW()-#REF! > 365),#REF!/ SUM(#REF!), "") | T53: =IF(AND(#REF!= "Buy", ISBLANK(#REF!),#REF!<> "DIV", NOW()-#REF! > 365), (1-Index!$F$2*2)*((#REF!*#REF!)-(#REF!*#REF!)), "") | U53: =IF(AND(#REF!= "Buy", ISBLANK(#REF!),#REF!<> "DIV", NOW()-#REF! > 365), ((#REF!*#REF!)+#REF!), "") | V53: =IF(AND(#REF!= "Buy", ISBLANK(#REF!),#REF!<> "DIV", NOW()-#REF! > 365),#REF!, "") | Y53: #REF! | AC53: =IF(#REF!="DIV",#REF!, "")
A54: 45141 | B54: DIV | C54: Buy | D54: 26 | E54: 6.25 | F54: 162.5 | G54: Annual-Dividend of Rs.6.2500/- per share on Ex-Date: 03-AUG-2023 | H54: 0 | I54: 0 | J54: =Index!$C$2 | K54: =IF(AND(#REF!= "Buy", ISBLANK(#REF!),#REF!<> "DIV"),#REF!/ SUM(#REF!), "") | L54: =IF(AND(#REF!= "Buy", ISBLANK(#REF!),#REF!<> "DIV"), (1-Index!$F$2*2)*((#REF!*#REF!)-(#REF!*#REF!)), "") | M54: =IF(AND(#REF!= "Buy", ISBLANK(#REF!),#REF!<> "DIV"), ((#REF!*#REF!)+#REF!), "") | N54: =IF(AND(#REF!= "Buy", ISBLANK(#REF!),#REF!<> "DIV"),#REF!, "") | O54: =IF(AND(#REF!= "Buy", ISBLANK(#REF!),#REF!<> "DIV", NOW()-#REF! < 365),#REF!/ SUM(#REF!), "") | P54: =IF(AND(#REF!= "Buy", ISBLANK(#REF!),#REF!<> "DIV", NOW()-#REF! < 365), (1-Index!$F$2*2)*((#REF!*#REF!)-(#REF!*#REF!)), "") | Q54: =IF(AND(#REF!= "Buy", ISBLANK(#REF!),#REF!<> "DIV", NOW()-#REF! < 365), ((#REF!*#REF!)+#REF!), "") | R54: =IF(AND(#REF!= "Buy", ISBLANK(#REF!),#REF!<> "DIV", NOW()-#REF! < 365),#REF!, "") | S54: =IF(AND(#REF!= "Buy", ISBLANK(#REF!),#REF!<> "DIV", NOW()-#REF! > 365),#REF!/ SUM(#REF!), "") | T54: =IF(AND(#REF!= "Buy", ISBLANK(#REF!),#REF!<> "DIV", NOW()-#REF! > 365), (1-Index!$F$2*2)*((#REF!*#REF!)-(#REF!*#REF!)), "") | U54: =IF(AND(#REF!= "Buy", ISBLANK(#REF!),#REF!<> "DIV", NOW()-#REF! > 365), ((#REF!*#REF!)+#REF!), "") | V54: =IF(AND(#REF!= "Buy", ISBLANK(#REF!),#REF!<> "DIV", NOW()-#REF! > 365),#REF!, "") | Y54: #REF! | AC54: =IF(#REF!="DIV",#REF!, "")
A55: 45131 | B55: NSE | C55: Buy | D55: 4 | E55: 404.79 | F55: 1619.16 | G55: ~ | H55: 1.6 | I55: 9.76 | J55: =Index!$C$2 | K55: =IF(AND(#REF!= "Buy", ISBLANK(#REF!),#REF!<> "DIV"),#REF!/ SUM(#REF!), "") | L55: =IF(AND(#REF!= "Buy", ISBLANK(#REF!),#REF!<> "DIV"), (1-Index!$F$2*2)*((#REF!*#REF!)-(#REF!*#REF!)), "") | M55: =IF(AND(#REF!= "Buy", ISBLANK(#REF!),#REF!<> "DIV"), ((#REF!*#REF!)+#REF!), "") | N55: =IF(AND(#REF!= "Buy", ISBLANK(#REF!),#REF!<> "DIV"),#REF!, "") | O55: =IF(AND(#REF!= "Buy", ISBLANK(#REF!),#REF!<> "DIV", NOW()-#REF! < 365),#REF!/ SUM(#REF!), "") | P55: =IF(AND(#REF!= "Buy", ISBLANK(#REF!),#REF!<> "DIV", NOW()-#REF! < 365), (1-Index!$F$2*2)*((#REF!*#REF!)-(#REF!*#REF!)), "") | Q55: =IF(AND(#REF!= "Buy", ISBLANK(#REF!),#REF!<> "DIV", NOW()-#REF! < 365), ((#REF!*#REF!)+#REF!), "") | R55: =IF(AND(#REF!= "Buy", ISBLANK(#REF!),#REF!<> "DIV", NOW()-#REF! < 365),#REF!, "") | S55: =IF(AND(#REF!= "Buy", ISBLANK(#REF!),#REF!<> "DIV", NOW()-#REF! > 365),#REF!/ SUM(#REF!), "") | T55: =IF(AND(#REF!= "Buy", ISBLANK(#REF!),#REF!<> "DIV", NOW()-#REF! > 365), (1-Index!$F$2*2)*((#REF!*#REF!)-(#REF!*#REF!)), "") | U55: =IF(AND(#REF!= "Buy", ISBLANK(#REF!),#REF!<> "DIV", NOW()-#REF! > 365), ((#REF!*#REF!)+#REF!), "") | V55: =IF(AND(#REF!= "Buy", ISBLANK(#REF!),#REF!<> "DIV", NOW()-#REF! > 365),#REF!, "") | W55: 456.38222 | X55: 45565 | Y55: #REF! | Z55: #REF! | AA55: #REF! | AB55: #REF! | AC55: =IF(#REF!="DIV",#REF!, "")
A56: 45131 | B56: NSE | C56: Buy | D56: 2 | E56: 404.8 | F56: 809.59 | G56: ~ | H56: 0.8 | I56: 4.89 | J56: =Index!$C$2 | K56: =IF(AND(#REF!= "Buy", ISBLANK(#REF!),#REF!<> "DIV"),#REF!/ SUM(#REF!), "") | L56: =IF(AND(#REF!= "Buy", ISBLANK(#REF!),#REF!<> "DIV"), (1-Index!$F$2*2)*((#REF!*#REF!)-(#REF!*#REF!)), "") | M56: =IF(AND(#REF!= "Buy", ISBLANK(#REF!),#REF!<> "DIV"), ((#REF!*#REF!)+#REF!), "") | N56: =IF(AND(#REF!= "Buy", ISBLANK(#REF!),#REF!<> "DIV"),#REF!, "") | O56: =IF(AND(#REF!= "Buy", ISBLANK(#REF!),#REF!<> "DIV", NOW()-#REF! < 365),#REF!/ SUM(#REF!), "") | P56: =IF(AND(#REF!= "Buy", ISBLANK(#REF!),#REF!<> "DIV", NOW()-#REF! < 365), (1-Index!$F$2*2)*((#REF!*#REF!)-(#REF!*#REF!)), "") | Q56: =IF(AND(#REF!= "Buy", ISBLANK(#REF!),#REF!<> "DIV", NOW()-#REF! < 365), ((#REF!*#REF!)+#REF!), "") | R56: =IF(AND(#REF!= "Buy", ISBLANK(#REF!),#REF!<> "DIV", NOW()-#REF! < 365),#REF!, "") | S56: =IF(AND(#REF!= "Buy", ISBLANK(#REF!),#REF!<> "DIV", NOW()-#REF! > 365),#REF!/ SUM(#REF!), "") | T56: =IF(AND(#REF!= "Buy", ISBLANK(#REF!),#REF!<> "DIV", NOW()-#REF! > 365), (1-Index!$F$2*2)*((#REF!*#REF!)-(#REF!*#REF!)), "") | U56: =IF(AND(#REF!= "Buy", ISBLANK(#REF!),#REF!<> "DIV", NOW()-#REF! > 365), ((#REF!*#REF!)+#REF!), "") | V56: =IF(AND(#REF!= "Buy", ISBLANK(#REF!),#REF!<> "DIV", NOW()-#REF! > 365),#REF!, "") | W56: 456.38222 | X56: 45565 | Y56: #REF! | Z56: #REF! | AA56: #REF! | AB56: #REF! | AC56: =IF(#REF!="DIV",#REF!, "")
A57: 45034 | B57: BSE | C57: Buy | D57: 2 | E57: 364.03 | F57: 728.06 | G57: ~ | H57: 0.72 | I57: 4.44 | J57: =Index!$C$2 | K57: =IF(AND(#REF!= "Buy", ISBLANK(#REF!),#REF!<> "DIV"),#REF!/ SUM(#REF!), "") | L57: =IF(AND(#REF!= "Buy", ISBLANK(#REF!),#REF!<> "DIV"), (1-Index!$F$2*2)*((#REF!*#REF!)-(#REF!*#REF!)), "") | M57: =IF(AND(#REF!= "Buy", ISBLANK(#REF!),#REF!<> "DIV"), ((#REF!*#REF!)+#REF!), "") | N57: =IF(AND(#REF!= "Buy", ISBLANK(#REF!),#REF!<> "DIV"),#REF!, "") | O57: =IF(AND(#REF!= "Buy", ISBLANK(#REF!),#REF!<> "DIV", NOW()-#REF! < 365),#REF!/ SUM(#REF!), "") | P57: =IF(AND(#REF!= "Buy", ISBLANK(#REF!),#REF!<> "DIV", NOW()-#REF! < 365), (1-Index!$F$2*2)*((#REF!*#REF!)-(#REF!*#REF!)), "") | Q57: =IF(AND(#REF!= "Buy", ISBLANK(#REF!),#REF!<> "DIV", NOW()-#REF! < 365), ((#REF!*#REF!)+#REF!), "") | R57: =IF(AND(#REF!= "Buy", ISBLANK(#REF!),#REF!<> "DIV", NOW()-#REF! < 365),#REF!, "") | S57: =IF(AND(#REF!= "Buy", ISBLANK(#REF!),#REF!<> "DIV", NOW()-#REF! > 365),#REF!/ SUM(#REF!), "") | T57: =IF(AND(#REF!= "Buy", ISBLANK(#REF!),#REF!<> "DIV", NOW()-#REF! > 365), (1-Index!$F$2*2)*((#REF!*#REF!)-(#REF!*#REF!)), "") | U57: =IF(AND(#REF!= "Buy", ISBLANK(#REF!),#REF!<> "DIV", NOW()-#REF! > 365), ((#REF!*#REF!)+#REF!), "") | V57: =IF(AND(#REF!= "Buy", ISBLANK(#REF!),#REF!<> "DIV", NOW()-#REF! > 365),#REF!, "") | W57: 456.38222 | X57: 45565 | Y57: #REF! | Z57: #REF! | AA57: #REF! | AB57: #REF! | AC57: =IF(#REF!="DIV",#REF!, "")
A58: 45034 | B58: BSE | C58: Buy | D58: 8 | E58: 363.87 | F58: 2910.96 | G58: ~ | H58: 2.9 | I58: 17.66 | J58: =Index!$C$2 | K58: =IF(AND(#REF!= "Buy", ISBLANK(#REF!),#REF!<> "DIV"),#REF!/ SUM(#REF!), "") | L58: =IF(AND(#REF!= "Buy", ISBLANK(#REF!),#REF!<> "DIV"), (1-Index!$F$2*2)*((#REF!*#REF!)-(#REF!*#REF!)), "") | M58: =IF(AND(#REF!= "Buy", ISBLANK(#REF!),#REF!<> "DIV"), ((#REF!*#REF!)+#REF!), "") | N58: =IF(AND(#REF!= "Buy", ISBLANK(#REF!),#REF!<> "DIV"),#REF!, "") | O58: =IF(AND(#REF!= "Buy", ISBLANK(#REF!),#REF!<> "DIV", NOW()-#REF! < 365),#REF!/ SUM(#REF!), "") | P58: =IF(AND(#REF!= "Buy", ISBLANK(#REF!),#REF!<> "DIV", NOW()-#REF! < 365), (1-Index!$F$2*2)*((#REF!*#REF!)-(#REF!*#REF!)), "") | Q58: =IF(AND(#REF!= "Buy", ISBLANK(#REF!),#REF!<> "DIV", NOW()-#REF! < 365), ((#REF!*#REF!)+#REF!), "") | R58: =IF(AND(#REF!= "Buy", ISBLANK(#REF!),#REF!<> "DIV", NOW()-#REF! < 365),#REF!, "") | S58: =IF(AND(#REF!= "Buy", ISBLANK(#REF!),#REF!<> "DIV", NOW()-#REF! > 365),#REF!/ SUM(#REF!), "") | T58: =IF(AND(#REF!= "Buy", ISBLANK(#REF!),#REF!<> "DIV", NOW()-#REF! > 365), (1-Index!$F$2*2)*((#REF!*#REF!)-(#REF!*#REF!)), "") | U58: =IF(AND(#REF!= "Buy", ISBLANK(#REF!),#REF!<> "DIV", NOW()-#REF! > 365), ((#REF!*#REF!)+#REF!), "") | V58: =IF(AND(#REF!= "Buy", ISBLANK(#REF!),#REF!<> "DIV", NOW()-#REF! > 365),#REF!, "") | W58: 456.38222 | X58: 45565 | Y58: #REF! | Z58: #REF! | AA58: #REF! | AB58: #REF! | AC58: =IF(#REF!="DIV",#REF!, "")
A59: 44953 | B59: NSE | C59: Buy | D59: 9 | E59: 378.71 | F59: 3408.42 | G59: ~ | H59: 3.34 | I59: 20.63 | J59: =Index!$C$2 | K59: =IF(AND(#REF!= "Buy", ISBLANK(#REF!),#REF!<> "DIV"),#REF!/ SUM(#REF!), "") | L59: =IF(AND(#REF!= "Buy", ISBLANK(#REF!),#REF!<> "DIV"), (1-Index!$F$2*2)*((#REF!*#REF!)-(#REF!*#REF!)), "") | M59: =IF(AND(#REF!= "Buy", ISBLANK(#REF!),#REF!<> "DIV"), ((#REF!*#REF!)+#REF!), "") | N59: =IF(AND(#REF!= "Buy", ISBLANK(#REF!),#REF!<> "DIV"),#REF!, "") | O59: =IF(AND(#REF!= "Buy", ISBLANK(#REF!),#REF!<> "DIV", NOW()-#REF! < 365),#REF!/ SUM(#REF!), "") | P59: =IF(AND(#REF!= "Buy", ISBLANK(#REF!),#REF!<> "DIV", NOW()-#REF! < 365), (1-Index!$F$2*2)*((#REF!*#REF!)-(#REF!*#REF!)), "") | Q59: =IF(AND(#REF!= "Buy", ISBLANK(#REF!),#REF!<> "DIV", NOW()-#REF! < 365), ((#REF!*#REF!)+#REF!), "") | R59: =IF(AND(#REF!= "Buy", ISBLANK(#REF!),#REF!<> "DIV", NOW()-#REF! < 365),#REF!, "") | S59: =IF(AND(#REF!= "Buy", ISBLANK(#REF!),#REF!<> "DIV", NOW()-#REF! > 365),#REF!/ SUM(#REF!), "") | T59: =IF(AND(#REF!= "Buy", ISBLANK(#REF!),#REF!<> "DIV", NOW()-#REF! > 365), (1-Index!$F$2*2)*((#REF!*#REF!)-(#REF!*#REF!)), "") | U59: =IF(AND(#REF!= "Buy", ISBLANK(#REF!),#REF!<> "DIV", NOW()-#REF! > 365), ((#REF!*#REF!)+#REF!), "") | V59: =IF(AND(#REF!= "Buy", ISBLANK(#REF!),#REF!<> "DIV", NOW()-#REF! > 365),#REF!, "") | W59: 456.38222 | X59: 45565 | Y59: #REF! | Z59: #REF! | AA59: #REF! | AB59: #REF! | AC59: =IF(#REF!="DIV",#REF!, "")
A60: 44953 | B60: NSE | C60: Buy | D60: 1 | E60: 378.72 | F60: 378.72 | G60: ~ | H60: 0.38 | I60: 2.29 | J60: =Index!$C$2 | K60: =IF(AND(#REF!= "Buy", ISBLANK(#REF!),#REF!<> "DIV"),#REF!/ SUM(#REF!), "") | L60: =IF(AND(#REF!= "Buy", ISBLANK(#REF!),#REF!<> "DIV"), (1-Index!$F$2*2)*((#REF!*#REF!)-(#REF!*#REF!)), "") | M60: =IF(AND(#REF!= "Buy", ISBLANK(#REF!),#REF!<> "DIV"), ((#REF!*#REF!)+#REF!), "") | N60: =IF(AND(#REF!= "Buy", ISBLANK(#REF!),#REF!<> "DIV"),#REF!, "") | O60: =IF(AND(#REF!= "Buy", ISBLANK(#REF!),#REF!<> "DIV", NOW()-#REF! < 365),#REF!/ SUM(#REF!), "") | P60: =IF(AND(#REF!= "Buy", ISBLANK(#REF!),#REF!<> "DIV", NOW()-#REF! < 365), (1-Index!$F$2*2)*((#REF!*#REF!)-(#REF!*#REF!)), "") | Q60: =IF(AND(#REF!= "Buy", ISBLANK(#REF!),#REF!<> "DIV", NOW()-#REF! < 365), ((#REF!*#REF!)+#REF!), "") | R60: =IF(AND(#REF!= "Buy", ISBLANK(#REF!),#REF!<> "DIV", NOW()-#REF! < 365),#REF!, "") | S60: =IF(AND(#REF!= "Buy", ISBLANK(#REF!),#REF!<> "DIV", NOW()-#REF! > 365),#REF!/ SUM(#REF!), "") | T60: =IF(AND(#REF!= "Buy", ISBLANK(#REF!),#REF!<> "DIV", NOW()-#REF! > 365), (1-Index!$F$2*2)*((#REF!*#REF!)-(#REF!*#REF!)), "") | U60: =IF(AND(#REF!= "Buy", ISBLANK(#REF!),#REF!<> "DIV", NOW()-#REF! > 365), ((#REF!*#REF!)+#REF!), "") | V60: =IF(AND(#REF!= "Buy", ISBLANK(#REF!),#REF!<> "DIV", NOW()-#REF! > 365),#REF!, "") | W60: 456.38222 | X60: 45565 | Y60: #REF! | Z60: #REF! | AA60: #REF! | AB60: #REF! | AC60: =IF(#REF!="DIV",#REF!, "")
A61: 44950 | B61: NSE | C61: Buy | D61: 10 | E61: 390.75 | F61: 3907.45 | G61: ~ | H61: 3.86 | I61: 23.59 | J61: =Index!$C$2 | K61: =IF(AND( C28="Buy", ISBLANK(W28), B28<>"DIV"), L28/SUM(F28:I28), "") | L61: =IF(AND( C28="Buy", ISBLANK(W28), B28<>"DIV"), (1-Index!$F$2*2)*((J28*D28)-(E28*D28)), "") | M61: =IF(AND( C28="Buy", ISBLANK(W28), B28<>"DIV"), ((E28*D28)+L28), "") | N61: =IF(AND( C28="Buy", ISBLANK(W28), B28<>"DIV"), D28, "") | O61: =IF(AND( C28="Buy", ISBLANK(W28), B28<>"DIV", NOW()-A28 < 365), P28/SUM(F28:I28), "") | P61: =IF(AND( C28="Buy", ISBLANK(W28), B28<>"DIV", NOW()-A28 < 365), (1-Index!$F$2*2)*((J28*D28)-(E28*D28)), "") | Q61: =IF(AND( C28="Buy", ISBLANK(W28), B28<>"DIV", NOW()-A28 < 365), ((E28*D28)+P28), "") | R61: =IF(AND( C28="Buy", ISBLANK(W28), B28<>"DIV", NOW()-A28 < 365), D28, "") | S61: =IF(AND( C28="Buy", ISBLANK(W28), B28<>"DIV", NOW()-A28 > 365), T28/SUM(F28:I28), "") | T61: =IF(AND( C28="Buy", ISBLANK(W28), B28<>"DIV", NOW()-A28 > 365), (1-Index!$F$2*2)*((J28*D28)-(E28*D28)), "") | U61: =IF(AND( C28="Buy", ISBLANK(W28), B28<>"DIV", NOW()-A28 > 365), ((E28*D28)+T28), "") | V61: =IF(AND( C28="Buy", ISBLANK(W28), B28<>"DIV", NOW()-A28 > 365), D28, "") | W61: 456.38222 | X61: 45565 | Y61: =IF(AND( C28="Buy", W28<>"", AA28<>"", B28<>"DIV"), Z28/SUM(F28:I28), "") | Z61: -7308.4292 | AA61: 7412.2 | AB61: 10 | AC61: =IF(B28="DIV", F28,"")
A62: 44232 | B62: NSE | C62: Sell | D62: 55 | E62: 512.11 | F62: 28165.9 | H62: 28.33 | I62: 168.47 | J62: =Index!$C$2 | K62: =IF(AND( C29="Buy", ISBLANK(W29), B29<>"DIV"), L29/SUM(F29:I29), "") | L62: =IF(AND( C29="Buy", ISBLANK(W29), B29<>"DIV"), (1-Index!$F$2*2)*((J29*D29)-(E29*D29)), "") | M62: =IF(AND( C29="Buy", ISBLANK(W29), B29<>"DIV"), ((E29*D29)+L29), "") | N62: =IF(AND( C29="Buy", ISBLANK(W29), B29<>"DIV"), D29, "") | O62: =IF(AND( C29="Buy", ISBLANK(W29), B29<>"DIV", NOW()-A29 < 365), P29/SUM(F29:I29), "") | P62: =IF(AND( C29="Buy", ISBLANK(W29), B29<>"DIV", NOW()-A29 < 365), (1-Index!$F$2*2)*((J29*D29)-(E29*D29)), "") | Q62: =IF(AND( C29="Buy", ISBLANK(W29), B29<>"DIV", NOW()-A29 < 365), ((E29*D29)+P29), "") | R62: =IF(AND( C29="Buy", ISBLANK(W29), B29<>"DIV", NOW()-A29 < 365), D29, "") | S62: =IF(AND( C29="Buy", ISBLANK(W29), B29<>"DIV", NOW()-A29 > 365), T29/SUM(F29:I29), "") | T62: =IF(AND( C29="Buy", ISBLANK(W29), B29<>"DIV", NOW()-A29 > 365), (1-Index!$F$2*2)*((J29*D29)-(E29*D29)), "") | U62: =IF(AND( C29="Buy", ISBLANK(W29), B29<>"DIV", NOW()-A29 > 365), ((E29*D29)+T29), "") | V62: =IF(AND( C29="Buy", ISBLANK(W29), B29<>"DIV", NOW()-A29 > 365), D29, "") | Y62: =IF(AND( C29="Buy", W29<>"", AA29<>"", B29<>"DIV"), Z29/SUM(F29:I29), "") | AC62: =IF(B29="DIV", F29,"")
A63: 44228 | B63: NSE | C63: Sell | D63: 50 | E63: 517.93 | F63: 25896.47 | H63: 26.08 | I63: 154.95 | J63: =Index!$C$2 | K63: =IF(AND( C30="Buy", ISBLANK(W30), B30<>"DIV"), L30/SUM(F30:I30), "") | L63: =IF(AND( C30="Buy", ISBLANK(W30), B30<>"DIV"), (1-Index!$F$2*2)*((J30*D30)-(E30*D30)), "") | M63: =IF(AND( C30="Buy", ISBLANK(W30), B30<>"DIV"), ((E30*D30)+L30), "") | N63: =IF(AND( C30="Buy", ISBLANK(W30), B30<>"DIV"), D30, "") | O63: =IF(AND( C30="Buy", ISBLANK(W30), B30<>"DIV", NOW()-A30 < 365), P30/SUM(F30:I30), "") | P63: =IF(AND( C30="Buy", ISBLANK(W30), B30<>"DIV", NOW()-A30 < 365), (1-Index!$F$2*2)*((J30*D30)-(E30*D30)), "") | Q63: =IF(AND( C30="Buy", ISBLANK(W30), B30<>"DIV", NOW()-A30 < 365), ((E30*D30)+P30), "") | R63: =IF(AND( C30="Buy", ISBLANK(W30), B30<>"DIV", NOW()-A30 < 365), D30, "") | S63: =IF(AND( C30="Buy", ISBLANK(W30), B30<>"DIV", NOW()-A30 > 365), T30/SUM(F30:I30), "") | T63: =IF(AND( C30="Buy", ISBLANK(W30), B30<>"DIV", NOW()-A30 > 365), (1-Index!$F$2*2)*((J30*D30)-(E30*D30)), "") | U63: =IF(AND( C30="Buy", ISBLANK(W30), B30<>"DIV", NOW()-A30 > 365), ((E30*D30)+T30), "") | V63: =IF(AND( C30="Buy", ISBLANK(W30), B30<>"DIV", NOW()-A30 > 365), D30, "") | Y63: =IF(AND( C30="Buy", W30<>"", AA30<>"", B30<>"DIV"), Z30/SUM(F30:I30), "") | AC63: =IF(B30="DIV", F30,"")
A64: 44152 | B64: NSE | C64: Buy | D64: 5 | E64: 487.94 | F64: 2439.72 | H64: 1.97 | I64: 14.75 | J64: =Index!$C$2 | K64: =IF(AND( C31="Buy", ISBLANK(W31), B31<>"DIV"), L31/SUM(F31:I31), "") | L64: =IF(AND( C31="Buy", ISBLANK(W31), B31<>"DIV"), (1-Index!$F$2*2)*((J31*D31)-(E31*D31)), "") | M64: =IF(AND( C31="Buy", ISBLANK(W31), B31<>"DIV"), ((E31*D31)+L31), "") | N64: =IF(AND( C31="Buy", ISBLANK(W31), B31<>"DIV"), D31, "") | O64: =IF(AND( C31="Buy", ISBLANK(W31), B31<>"DIV", NOW()-A31 < 365), P31/SUM(F31:I31), "") | P64: =IF(AND( C31="Buy", ISBLANK(W31), B31<>"DIV", NOW()-A31 < 365), (1-Index!$F$2*2)*((J31*D31)-(E31*D31)), "") | Q64: =IF(AND( C31="Buy", ISBLANK(W31), B31<>"DIV", NOW()-A31 < 365), ((E31*D31)+P31), "") | R64: =IF(AND( C31="Buy", ISBLANK(W31), B31<>"DIV", NOW()-A31 < 365), D31, "") | S64: =IF(AND( C31="Buy", ISBLANK(W31), B31<>"DIV", NOW()-A31 > 365), T31/SUM(F31:I31), "") | T64: =IF(AND( C31="Buy", ISBLANK(W31), B31<>"DIV", NOW()-A31 > 365), (1-Index!$F$2*2)*((J31*D31)-(E31*D31)), "") | U64: =IF(AND( C31="Buy", ISBLANK(W31), B31<>"DIV", NOW()-A31 > 365), ((E31*D31)+T31), "") | V64: =IF(AND( C31="Buy", ISBLANK(W31), B31<>"DIV", NOW()-A31 > 365), D31, "") | W64: 508.53182 | X64: 45565 | Y64: =IF(AND( C31="Buy", W31<>"", AA31<>"", B31<>"DIV"), Z31/SUM(F31:I31), "") | Z64: -763.4598 | AA64: 774.3 | AB64: 1 | AC64: =IF(B31="DIV", F31,"")
A65: 44089 | B65: NSE | C65: Sell | D65: 20 | E65: 536.57 | F65: 10731.39 | H65: 10.56 | I65: 65.05 | J65: =Index!$C$2 | K65: =IF(AND( C32="Buy", ISBLANK(W32), B32<>"DIV"), L32/SUM(F32:I32), "") | L65: =IF(AND( C32="Buy", ISBLANK(W32), B32<>"DIV"), (1-Index!$F$2*2)*((J32*D32)-(E32*D32)), "") | M65: =IF(AND( C32="Buy", ISBLANK(W32), B32<>"DIV"), ((E32*D32)+L32), "") | N65: =IF(AND( C32="Buy", ISBLANK(W32), B32<>"DIV"), D32, "") | O65: =IF(AND( C32="Buy", ISBLANK(W32), B32<>"DIV", NOW()-A32 < 365), P32/SUM(F32:I32), "") | P65: =IF(AND( C32="Buy", ISBLANK(W32), B32<>"DIV", NOW()-A32 < 365), (1-Index!$F$2*2)*((J32*D32)-(E32*D32)), "") | Q65: =IF(AND( C32="Buy", ISBLANK(W32), B32<>"DIV", NOW()-A32 < 365), ((E32*D32)+P32), "") | R65: =IF(AND( C32="Buy", ISBLANK(W32), B32<>"DIV", NOW()-A32 < 365), D32, "") | S65: =IF(AND( C32="Buy", ISBLANK(W32), B32<>"DIV", NOW()-A32 > 365), T32/SUM(F32:I32), "") | T65: =IF(AND( C32="Buy", ISBLANK(W32), B32<>"DIV", NOW()-A32 > 365), (1-Index!$F$2*2)*((J32*D32)-(E32*D32)), "") | U65: =IF(AND( C32="Buy", ISBLANK(W32), B32<>"DIV", NOW()-A32 > 365), ((E32*D32)+T32), "") | V65: =IF(AND( C32="Buy", ISBLANK(W32), B32<>"DIV", NOW()-A32 > 365), D32, "") | Y65: =IF(AND( C32="Buy", W32<>"", AA32<>"", B32<>"DIV"), Z32/SUM(F32:I32), "") | AC65: =IF(B32="DIV", F32,"")
A66: 44063 | B66: DIV | C66: Buy | D66: 120 | E66: 0.09 | F66: 11.1 | G66: Dividend of Rs.0.0925/- per share on 20-AUG-2020 Final-Dividend of Rs.0.1000/- per share on Ex-Date: 20-AUG-2020 | H66: 0 | I66: 0 | J66: =Index!$C$2 | K66: =IF(AND( C33="Buy", ISBLANK(W33), B33<>"DIV"), L33/SUM(F33:I33), "") | L66: =IF(AND( C33="Buy", ISBLANK(W33), B33<>"DIV"), (1-Index!$F$2*2)*((J33*D33)-(E33*D33)), "") | M66: =IF(AND( C33="Buy", ISBLANK(W33), B33<>"DIV"), ((E33*D33)+L33), "") | N66: =IF(AND( C33="Buy", ISBLANK(W33), B33<>"DIV"), D33, "") | O66: =IF(AND( C33="Buy", ISBLANK(W33), B33<>"DIV", NOW()-A33 < 365), P33/SUM(F33:I33), "") | P66: =IF(AND( C33="Buy", ISBLANK(W33), B33<>"DIV", NOW()-A33 < 365), (1-Index!$F$2*2)*((J33*D33)-(E33*D33)), "") | Q66: =IF(AND( C33="Buy", ISBLANK(W33), B33<>"DIV", NOW()-A33 < 365), ((E33*D33)+P33), "") | R66: =IF(AND( C33="Buy", ISBLANK(W33), B33<>"DIV", NOW()-A33 < 365), D33, "") | S66: =IF(AND( C33="Buy", ISBLANK(W33), B33<>"DIV", NOW()-A33 > 365), T33/SUM(F33:I33), "") | T66: =IF(AND( C33="Buy", ISBLANK(W33), B33<>"DIV", NOW()-A33 > 365), (1-Index!$F$2*2)*((J33*D33)-(E33*D33)), "") | U66: =IF(AND( C33="Buy", ISBLANK(W33), B33<>"DIV", NOW()-A33 > 365), ((E33*D33)+T33), "") | V66: =IF(AND( C33="Buy", ISBLANK(W33), B33<>"DIV", NOW()-A33 > 365), D33, "") | Y66: =IF(AND( C33="Buy", W33<>"", AA33<>"", B33<>"DIV"), Z33/SUM(F33:I33), "") | AC66: =IF(B33="DIV", F33,"")
A67: 44043 | B67: NSE | C67: Buy | D67: 10 | E67: 453.3 | F67: 4533.01 | H67: 4.57 | I67: 27.44 | J67: =Index!$C$2 | K67: =IF(AND( C34="Buy", ISBLANK(W34), B34<>"DIV"), L34/SUM(F34:I34), "") | L67: =IF(AND( C34="Buy", ISBLANK(W34), B34<>"DIV"), (1-Index!$F$2*2)*((J34*D34)-(E34*D34)), "") | M67: =IF(AND( C34="Buy", ISBLANK(W34), B34<>"DIV"), ((E34*D34)+L34), "") | N67: =IF(AND( C34="Buy", ISBLANK(W34), B34<>"DIV"), D34, "") | O67: =IF(AND( C34="Buy", ISBLANK(W34), B34<>"DIV", NOW()-A34 < 365), P34/SUM(F34:I34), "") | P67: =IF(AND( C34="Buy", ISBLANK(W34), B34<>"DIV", NOW()-A34 < 365), (1-Index!$F$2*2)*((J34*D34)-(E34*D34)), "") | Q67: =IF(AND( C34="Buy", ISBLANK(W34), B34<>"DIV", NOW()-A34 < 365), ((E34*D34)+P34), "") | R67: =IF(AND( C34="Buy", ISBLANK(W34), B34<>"DIV", NOW()-A34 < 365), D34, "") | S67: =IF(AND( C34="Buy", ISBLANK(W34), B34<>"DIV", NOW()-A34 > 365), T34/SUM(F34:I34), "") | T67: =IF(AND( C34="Buy", ISBLANK(W34), B34<>"DIV", NOW()-A34 > 365), (1-Index!$F$2*2)*((J34*D34)-(E34*D34)), "") | U67: =IF(AND( C34="Buy", ISBLANK(W34), B34<>"DIV", NOW()-A34 > 365), ((E34*D34)+T34), "") | V67: =IF(AND( C34="Buy", ISBLANK(W34), B34<>"DIV", NOW()-A34 > 365), D34, "") | W67: 508.53182 | X67: 45565 | Y67: =IF(AND( C34="Buy", W34<>"", AA34<>"", B34<>"DIV"), Z34/SUM(F34:I34), "") | Z67: -4855.557 | AA67: 4924.5 | AB67: 10 | AC67: =IF(B34="DIV", F34,"")
A68: 44036 | B68: NSE | C68: Buy | D68: 5 | E68: 445.3 | F68: 2226.52 | H68: 2.23 | I68: 13.29 | J68: =Index!$C$2 | K68: =IF(AND( C35="Buy", ISBLANK(W35), B35<>"DIV"), L35/SUM(F35:I35), "") | L68: =IF(AND( C35="Buy", ISBLANK(W35), B35<>"DIV"), (1-Index!$F$2*2)*((J35*D35)-(E35*D35)), "") | M68: =IF(AND( C35="Buy", ISBLANK(W35), B35<>"DIV"), ((E35*D35)+L35), "") | N68: =IF(AND( C35="Buy", ISBLANK(W35), B35<>"DIV"), D35, "") | O68: =IF(AND( C35="Buy", ISBLANK(W35), B35<>"DIV", NOW()-A35 < 365), P35/SUM(F35:I35), "") | P68: =IF(AND( C35="Buy", ISBLANK(W35), B35<>"DIV", NOW()-A35 < 365), (1-Index!$F$2*2)*((J35*D35)-(E35*D35)), "") | Q68: =IF(AND( C35="Buy", ISBLANK(W35), B35<>"DIV", NOW()-A35 < 365), ((E35*D35)+P35), "") | R68: =IF(AND( C35="Buy", ISBLANK(W35), B35<>"DIV", NOW()-A35 < 365), D35, "") | S68: =IF(AND( C35="Buy", ISBLANK(W35), B35<>"DIV", NOW()-A35 > 365), T35/SUM(F35:I35), "") | T68: =IF(AND( C35="Buy", ISBLANK(W35), B35<>"DIV", NOW()-A35 > 365), (1-Index!$F$2*2)*((J35*D35)-(E35*D35)), "") | U68: =IF(AND( C35="Buy", ISBLANK(W35), B35<>"DIV", NOW()-A35 > 365), ((E35*D35)+T35), "") | V68: =IF(AND( C35="Buy", ISBLANK(W35), B35<>"DIV", NOW()-A35 > 365), D35, "") | W68: 508.53182 | X68: 45565 | Y68: -0.054782106 | Z68: 1093.7698 | AA68: 3799.45 | AB68: 10 | AC68: =IF(B35="DIV", F35,"")
A69: 43966 | B69: NSE | C69: Buy | D69: 5 | E69: 425.17 | F69: 2125.85 | H69: 0 | I69: 10.6 | J69: =Index!$C$2 | K69: =IF(AND( C36="Buy", ISBLANK(W36), B36<>"DIV"), L36/SUM(F36:I36), "") | L69: =IF(AND( C36="Buy", ISBLANK(W36), B36<>"DIV"), (1-Index!$F$2*2)*((J36*D36)-(E36*D36)), "") | M69: =IF(AND( C36="Buy", ISBLANK(W36), B36<>"DIV"), ((E36*D36)+L36), "") | N69: =IF(AND( C36="Buy", ISBLANK(W36), B36<>"DIV"), D36, "") | O69: =IF(AND( C36="Buy", ISBLANK(W36), B36<>"DIV", NOW()-A36 < 365), P36/SUM(F36:I36), "") | P69: =IF(AND( C36="Buy", ISBLANK(W36), B36<>"DIV", NOW()-A36 < 365), (1-Index!$F$2*2)*((J36*D36)-(E36*D36)), "") | Q69: =IF(AND( C36="Buy", ISBLANK(W36), B36<>"DIV", NOW()-A36 < 365), ((E36*D36)+P36), "") | R69: =IF(AND( C36="Buy", ISBLANK(W36), B36<>"DIV", NOW()-A36 < 365), D36, "") | S69: =IF(AND( C36="Buy", ISBLANK(W36), B36<>"DIV", NOW()-A36 > 365), T36/SUM(F36:I36), "") | T69: =IF(AND( C36="Buy", ISBLANK(W36), B36<>"DIV", NOW()-A36 > 365), (1-Index!$F$2*2)*((J36*D36)-(E36*D36)), "") | U69: =IF(AND( C36="Buy", ISBLANK(W36), B36<>"DIV", NOW()-A36 > 365), ((E36*D36)+T36), "") | V69: =IF(AND( C36="Buy", ISBLANK(W36), B36<>"DIV", NOW()-A36 > 365), D36, "") | W69: 508.53182 | X69: 45565 | Y69: -0.81494893 | Z69: 1118.617 | AA69: 716.664 | AB69: 10 | AC69: =IF(B36="DIV", F36,"")
A70: 43959 | B70: NSE | C70: Buy | D70: 10 | E70: 406.67 | F70: 4066.7 | H70: 0 | I70: 20.2 | J70: =Index!$C$2 | K70: =IF(AND( C37="Buy", ISBLANK(W37), B37<>"DIV"), L37/SUM(F37:I37), "") | L70: =IF(AND( C37="Buy", ISBLANK(W37), B37<>"DIV"), (1-Index!$F$2*2)*((J37*D37)-(E37*D37)), "") | M70: =IF(AND( C37="Buy", ISBLANK(W37), B37<>"DIV"), ((E37*D37)+L37), "") | N70: =IF(AND( C37="Buy", ISBLANK(W37), B37<>"DIV"), D37, "") | O70: =IF(AND( C37="Buy", ISBLANK(W37), B37<>"DIV", NOW()-A37 < 365), P37/SUM(F37:I37), "") | P70: =IF(AND( C37="Buy", ISBLANK(W37), B37<>"DIV", NOW()-A37 < 365), (1-Index!$F$2*2)*((J37*D37)-(E37*D37)), "") | Q70: =IF(AND( C37="Buy", ISBLANK(W37), B37<>"DIV", NOW()-A37 < 365), ((E37*D37)+P37), "") | R70: =IF(AND( C37="Buy", ISBLANK(W37), B37<>"DIV", NOW()-A37 < 365), D37, "") | S70: =IF(AND( C37="Buy", ISBLANK(W37), B37<>"DIV", NOW()-A37 > 365), T37/SUM(F37:I37), "") | T70: =IF(AND( C37="Buy", ISBLANK(W37), B37<>"DIV", NOW()-A37 > 365), (1-Index!$F$2*2)*((J37*D37)-(E37*D37)), "") | U70: =IF(AND( C37="Buy", ISBLANK(W37), B37<>"DIV", NOW()-A37 > 365), ((E37*D37)+T37), "") | V70: =IF(AND( C37="Buy", ISBLANK(W37), B37<>"DIV", NOW()-A37 > 365), D37, "") | W70: 508.53182 | X70: 45565 | Y70: #REF! | Z70: 785.7927 | AA70: #REF! | AB70: 7 | AC70: =IF(B37="DIV", F37,"")
A71: 43956 | B71: NSE | C71: Buy | D71: 10 | E71: 408.43 | F71: 4084.3 | H71: 0 | I71: 20.3 | J71: =Index!$C$2 | K71: =IF(AND( C38="Buy", ISBLANK(W38), B38<>"DIV"), L38/SUM(F38:I38), "") | L71: =IF(AND( C38="Buy", ISBLANK(W38), B38<>"DIV"), (1-Index!$F$2*2)*((J38*D38)-(E38*D38)), "") | M71: =IF(AND( C38="Buy", ISBLANK(W38), B38<>"DIV"), ((E38*D38)+L38), "") | N71: =IF(AND( C38="Buy", ISBLANK(W38), B38<>"DIV"), D38, "") | O71: =IF(AND( C38="Buy", ISBLANK(W38), B38<>"DIV", NOW()-A38 < 365), P38/SUM(F38:I38), "") | P71: =IF(AND( C38="Buy", ISBLANK(W38), B38<>"DIV", NOW()-A38 < 365), (1-Index!$F$2*2)*((J38*D38)-(E38*D38)), "") | Q71: =IF(AND( C38="Buy", ISBLANK(W38), B38<>"DIV", NOW()-A38 < 365), ((E38*D38)+P38), "") | R71: =IF(AND( C38="Buy", ISBLANK(W38), B38<>"DIV", NOW()-A38 < 365), D38, "") | S71: =IF(AND( C38="Buy", ISBLANK(W38), B38<>"DIV", NOW()-A38 > 365), T38/SUM(F38:I38), "") | T71: =IF(AND( C38="Buy", ISBLANK(W38), B38<>"DIV", NOW()-A38 > 365), (1-Index!$F$2*2)*((J38*D38)-(E38*D38)), "") | U71: =IF(AND( C38="Buy", ISBLANK(W38), B38<>"DIV", NOW()-A38 > 365), ((E38*D38)+T38), "") | V71: =IF(AND( C38="Buy", ISBLANK(W38), B38<>"DIV", NOW()-A38 > 365), D38, "") | W71: 508.53182 | X71: 45565 | Y71: #REF! | Z71: 476.00136 | AA71: #REF! | AB71: 4 | AC71: =IF(B38="DIV", F38,"")
A72: 43944 | B72: NSE | C72: Buy | D72: 10 | E72: 408.93 | F72: 4089.3 | H72: 0 | I72: 20.3 | J72: =Index!$C$2 | K72: =IF(AND( C39="Buy", ISBLANK(W39), B39<>"DIV"), L39/SUM(F39:I39), "") | L72: =IF(AND( C39="Buy", ISBLANK(W39), B39<>"DIV"), (1-Index!$F$2*2)*((J39*D39)-(E39*D39)), "") | M72: =IF(AND( C39="Buy", ISBLANK(W39), B39<>"DIV"), ((E39*D39)+L39), "") | N72: =IF(AND( C39="Buy", ISBLANK(W39), B39<>"DIV"), D39, "") | O72: =IF(AND( C39="Buy", ISBLANK(W39), B39<>"DIV", NOW()-A39 < 365), P39/SUM(F39:I39), "") | P72: =IF(AND( C39="Buy", ISBLANK(W39), B39<>"DIV", NOW()-A39 < 365), (1-Index!$F$2*2)*((J39*D39)-(E39*D39)), "") | Q72: =IF(AND( C39="Buy", ISBLANK(W39), B39<>"DIV", NOW()-A39 < 365), ((E39*D39)+P39), "") | R72: =IF(AND( C39="Buy", ISBLANK(W39), B39<>"DIV", NOW()-A39 < 365), D39, "") | S72: =IF(AND( C39="Buy", ISBLANK(W39), B39<>"DIV", NOW()-A39 > 365), T39/SUM(F39:I39), "") | T72: =IF(AND( C39="Buy", ISBLANK(W39), B39<>"DIV", NOW()-A39 > 365), (1-Index!$F$2*2)*((J39*D39)-(E39*D39)), "") | U72: =IF(AND( C39="Buy", ISBLANK(W39), B39<>"DIV", NOW()-A39 > 365), ((E39*D39)+T39), "") | V72: =IF(AND( C39="Buy", ISBLANK(W39), B39<>"DIV", NOW()-A39 > 365), D39, "") | W72: 508.53182 | X72: 45565 | Y72: =IF(AND( C39="Buy", W39<>"", AA39<>"", B39<>"DIV"), Z39/SUM(F39:I39), "") | Z72: -16313.607 | AA72: 16545.24 | AB72: 36 | AC72: =IF(B39="DIV", F39,"")
A73: 43921 | B73: NSE | C73: Buy | D73: 10 | E73: 291.69 | F73: 2916.95 | H73: 2.92 | I73: 17.53 | J73: =Index!$C$2 | K73: =IF(AND( C40="Buy", ISBLANK(W40), B40<>"DIV"), L40/SUM(F40:I40), "") | L73: =IF(AND( C40="Buy", ISBLANK(W40), B40<>"DIV"), (1-Index!$F$2*2)*((J40*D40)-(E40*D40)), "") | M73: =IF(AND( C40="Buy", ISBLANK(W40), B40<>"DIV"), ((E40*D40)+L40), "") | N73: =IF(AND( C40="Buy", ISBLANK(W40), B40<>"DIV"), D40, "") | O73: =IF(AND( C40="Buy", ISBLANK(W40), B40<>"DIV", NOW()-A40 < 365), P40/SUM(F40:I40), "") | P73: =IF(AND( C40="Buy", ISBLANK(W40), B40<>"DIV", NOW()-A40 < 365), (1-Index!$F$2*2)*((J40*D40)-(E40*D40)), "") | Q73: =IF(AND( C40="Buy", ISBLANK(W40), B40<>"DIV", NOW()-A40 < 365), ((E40*D40)+P40), "") | R73: =IF(AND( C40="Buy", ISBLANK(W40), B40<>"DIV", NOW()-A40 < 365), D40, "") | S73: =IF(AND( C40="Buy", ISBLANK(W40), B40<>"DIV", NOW()-A40 > 365), T40/SUM(F40:I40), "") | T73: =IF(AND( C40="Buy", ISBLANK(W40), B40<>"DIV", NOW()-A40 > 365), (1-Index!$F$2*2)*((J40*D40)-(E40*D40)), "") | U73: =IF(AND( C40="Buy", ISBLANK(W40), B40<>"DIV", NOW()-A40 > 365), ((E40*D40)+T40), "") | V73: =IF(AND( C40="Buy", ISBLANK(W40), B40<>"DIV", NOW()-A40 > 365), D40, "") | W73: 514.3094 | X73: 45565 | Y73: #REF! | Z73: 312.00984 | AA73: #REF! | AB73: 4 | AC73: =IF(B40="DIV", F40,"")
A74: 43909 | B74: NSE | C74: Buy | D74: 10 | E74: 287.77 | F74: 2877.67 | H74: 2.78 | I74: 17.29 | J74: =Index!$C$2 | K74: =IF(AND( C41="Buy", ISBLANK(W41), B41<>"DIV"), L41/SUM(F41:I41), "") | L74: =IF(AND( C41="Buy", ISBLANK(W41), B41<>"DIV"), (1-Index!$F$2*2)*((J41*D41)-(E41*D41)), "") | M74: =IF(AND( C41="Buy", ISBLANK(W41), B41<>"DIV"), ((E41*D41)+L41), "") | N74: =IF(AND( C41="Buy", ISBLANK(W41), B41<>"DIV"), D41, "") | O74: =IF(AND( C41="Buy", ISBLANK(W41), B41<>"DIV", NOW()-A41 < 365), P41/SUM(F41:I41), "") | P74: =IF(AND( C41="Buy", ISBLANK(W41), B41<>"DIV", NOW()-A41 < 365), (1-Index!$F$2*2)*((J41*D41)-(E41*D41)), "") | Q74: =IF(AND( C41="Buy", ISBLANK(W41), B41<>"DIV", NOW()-A41 < 365), ((E41*D41)+P41), "") | R74: =IF(AND( C41="Buy", ISBLANK(W41), B41<>"DIV", NOW()-A41 < 365), D41, "") | S74: =IF(AND( C41="Buy", ISBLANK(W41), B41<>"DIV", NOW()-A41 > 365), T41/SUM(F41:I41), "") | T74: =IF(AND( C41="Buy", ISBLANK(W41), B41<>"DIV", NOW()-A41 > 365), (1-Index!$F$2*2)*((J41*D41)-(E41*D41)), "") | U74: =IF(AND( C41="Buy", ISBLANK(W41), B41<>"DIV", NOW()-A41 > 365), ((E41*D41)+T41), "") | V74: =IF(AND( C41="Buy", ISBLANK(W41), B41<>"DIV", NOW()-A41 > 365), D41, "") | W74: 514.3094 | X74: 45565 | Y74: #REF! | Z74: 676.5932 | AA74: #REF! | AB74: 10 | AC74: =IF(B41="DIV", F41,"")
A75: 43906 | B75: NSE | C75: Buy | D75: 10 | E75: 310.27 | F75: 3102.71 | H75: 3.18 | I75: 18.53 | J75: =Index!$C$2 | K75: =IF(AND( C42="Buy", ISBLANK(W42), B42<>"DIV"), L42/SUM(F42:I42), "") | L75: =IF(AND( C42="Buy", ISBLANK(W42), B42<>"DIV"), (1-Index!$F$2*2)*((J42*D42)-(E42*D42)), "") | M75: =IF(AND( C42="Buy", ISBLANK(W42), B42<>"DIV"), ((E42*D42)+L42), "") | N75: =IF(AND( C42="Buy", ISBLANK(W42), B42<>"DIV"), D42, "") | O75: =IF(AND( C42="Buy", ISBLANK(W42), B42<>"DIV", NOW()-A42 < 365), P42/SUM(F42:I42), "") | P75: =IF(AND( C42="Buy", ISBLANK(W42), B42<>"DIV", NOW()-A42 < 365), (1-Index!$F$2*2)*((J42*D42)-(E42*D42)), "") | Q75: =IF(AND( C42="Buy", ISBLANK(W42), B42<>"DIV", NOW()-A42 < 365), ((E42*D42)+P42), "") | R75: =IF(AND( C42="Buy", ISBLANK(W42), B42<>"DIV", NOW()-A42 < 365), D42, "") | S75: =IF(AND( C42="Buy", ISBLANK(W42), B42<>"DIV", NOW()-A42 > 365), T42/SUM(F42:I42), "") | T75: =IF(AND( C42="Buy", ISBLANK(W42), B42<>"DIV", NOW()-A42 > 365), (1-Index!$F$2*2)*((J42*D42)-(E42*D42)), "") | U75: =IF(AND( C42="Buy", ISBLANK(W42), B42<>"DIV", NOW()-A42 > 365), ((E42*D42)+T42), "") | V75: =IF(AND( C42="Buy", ISBLANK(W42), B42<>"DIV", NOW()-A42 > 365), D42, "") | W75: 514.3094 | X75: 45565 | Y75: #REF! | Z75: 394.4493 | AA75: #REF! | AB75: 5 | AC75: =IF(B42="DIV", F42,"")
A76: 43901 | B76: NSE | C76: Buy | D76: 10 | E76: 365.5 | F76: 3654.96 | H76: 3.63 | I76: 21.83 | J76: =Index!$C$2 | K76: =IF(AND( C43="Buy", ISBLANK(W43), B43<>"DIV"), L43/SUM(F43:I43), "") | L76: =IF(AND( C43="Buy", ISBLANK(W43), B43<>"DIV"), (1-Index!$F$2*2)*((J43*D43)-(E43*D43)), "") | M76: =IF(AND( C43="Buy", ISBLANK(W43), B43<>"DIV"), ((E43*D43)+L43), "") | N76: =IF(AND( C43="Buy", ISBLANK(W43), B43<>"DIV"), D43, "") | O76: =IF(AND( C43="Buy", ISBLANK(W43), B43<>"DIV", NOW()-A43 < 365), P43/SUM(F43:I43), "") | P76: =IF(AND( C43="Buy", ISBLANK(W43), B43<>"DIV", NOW()-A43 < 365), (1-Index!$F$2*2)*((J43*D43)-(E43*D43)), "") | Q76: =IF(AND( C43="Buy", ISBLANK(W43), B43<>"DIV", NOW()-A43 < 365), ((E43*D43)+P43), "") | R76: =IF(AND( C43="Buy", ISBLANK(W43), B43<>"DIV", NOW()-A43 < 365), D43, "") | S76: =IF(AND( C43="Buy", ISBLANK(W43), B43<>"DIV", NOW()-A43 > 365), T43/SUM(F43:I43), "") | T76: =IF(AND( C43="Buy", ISBLANK(W43), B43<>"DIV", NOW()-A43 > 365), (1-Index!$F$2*2)*((J43*D43)-(E43*D43)), "") | U76: =IF(AND( C43="Buy", ISBLANK(W43), B43<>"DIV", NOW()-A43 > 365), ((E43*D43)+T43), "") | V76: =IF(AND( C43="Buy", ISBLANK(W43), B43<>"DIV", NOW()-A43 > 365), D43, "") | W76: 514.3094 | X76: 45565 | Y76: =IF(AND( C43="Buy", W43<>"", AA43<>"", B43<>"DIV"), Z43/SUM(F43:I43), "") | Z76: -61.625 | AA76: 62.5 | AB76: 10 | AC76: =IF(B43="DIV", F43,"")
A77: 43896 | B77: NSE | C77: Buy | D77: 10 | E77: 396.6 | F77: 3965.97 | H77: 3.99 | I77: 23.68 | J77: =Index!$C$2 | K77: =IF(AND( C44="Buy", ISBLANK(W44), B44<>"DIV"), L44/SUM(F44:I44), "") | L77: =IF(AND( C44="Buy", ISBLANK(W44), B44<>"DIV"), (1-Index!$F$2*2)*((J44*D44)-(E44*D44)), "") | M77: =IF(AND( C44="Buy", ISBLANK(W44), B44<>"DIV"), ((E44*D44)+L44), "") | N77: =IF(AND( C44="Buy", ISBLANK(W44), B44<>"DIV"), D44, "") | O77: =IF(AND( C44="Buy", ISBLANK(W44), B44<>"DIV", NOW()-A44 < 365), P44/SUM(F44:I44), "") | P77: =IF(AND( C44="Buy", ISBLANK(W44), B44<>"DIV", NOW()-A44 < 365), (1-Index!$F$2*2)*((J44*D44)-(E44*D44)), "") | Q77: =IF(AND( C44="Buy", ISBLANK(W44), B44<>"DIV", NOW()-A44 < 365), ((E44*D44)+P44), "") | R77: =IF(AND( C44="Buy", ISBLANK(W44), B44<>"DIV", NOW()-A44 < 365), D44, "") | S77: =IF(AND( C44="Buy", ISBLANK(W44), B44<>"DIV", NOW()-A44 > 365), T44/SUM(F44:I44), "") | T77: =IF(AND( C44="Buy", ISBLANK(W44), B44<>"DIV", NOW()-A44 > 365), (1-Index!$F$2*2)*((J44*D44)-(E44*D44)), "") | U77: =IF(AND( C44="Buy", ISBLANK(W44), B44<>"DIV", NOW()-A44 > 365), ((E44*D44)+T44), "") | V77: =IF(AND( C44="Buy", ISBLANK(W44), B44<>"DIV", NOW()-A44 > 365), D44, "") | W77: 514.3094 | X77: 45565 | Y77: =IF(AND( C44="Buy", W44<>"", AA44<>"", B44<>"DIV"), Z44/SUM(F44:I44), "") | Z77: -160.225 | AA77: 162.5 | AB77: 26 | AC77: =IF(B44="DIV", F44,"")
A78: 43895 | B78: NSE | C78: Buy | D78: 10 | E78: 420.94 | F78: 4209.36 | H78: 4.16 | I78: 25.2 | J78: =Index!$C$2 | K78: =IF(AND( C45="Buy", ISBLANK(W45), B45<>"DIV"), L45/SUM(F45:I45), "") | L78: =IF(AND( C45="Buy", ISBLANK(W45), B45<>"DIV"), (1-Index!$F$2*2)*((J45*D45)-(E45*D45)), "") | M78: =IF(AND( C45="Buy", ISBLANK(W45), B45<>"DIV"), ((E45*D45)+L45), "") | N78: =IF(AND( C45="Buy", ISBLANK(W45), B45<>"DIV"), D45, "") | O78: =IF(AND( C45="Buy", ISBLANK(W45), B45<>"DIV", NOW()-A45 < 365), P45/SUM(F45:I45), "") | P78: =IF(AND( C45="Buy", ISBLANK(W45), B45<>"DIV", NOW()-A45 < 365), (1-Index!$F$2*2)*((J45*D45)-(E45*D45)), "") | Q78: =IF(AND( C45="Buy", ISBLANK(W45), B45<>"DIV", NOW()-A45 < 365), ((E45*D45)+P45), "") | R78: =IF(AND( C45="Buy", ISBLANK(W45), B45<>"DIV", NOW()-A45 < 365), D45, "") | S78: =IF(AND( C45="Buy", ISBLANK(W45), B45<>"DIV", NOW()-A45 > 365), T45/SUM(F45:I45), "") | T78: =IF(AND( C45="Buy", ISBLANK(W45), B45<>"DIV", NOW()-A45 > 365), (1-Index!$F$2*2)*((J45*D45)-(E45*D45)), "") | U78: =IF(AND( C45="Buy", ISBLANK(W45), B45<>"DIV", NOW()-A45 > 365), ((E45*D45)+T45), "") | V78: =IF(AND( C45="Buy", ISBLANK(W45), B45<>"DIV", NOW()-A45 > 365), D45, "") | W78: 532.7895 | X78: 45565 | Y78: #REF! | Z78: 203.47972 | AA78: #REF! | AB78: 4 | AC78: =IF(B45="DIV", F45,"")
A79: 43895 | B79: DIV | C79: Buy | D79: 10 | E79: 5 | F79: 50 | G79: Interim-Dividend of Rs.5.0000/- per share on Ex-Date: 05-MAR-2020 | H79: 0 | I79: 0 | J79: =Index!$C$2 | K79: =IF(AND( C46="Buy", ISBLANK(W46), B46<>"DIV"), L46/SUM(F46:I46), "") | L79: =IF(AND( C46="Buy", ISBLANK(W46), B46<>"DIV"), (1-Index!$F$2*2)*((J46*D46)-(E46*D46)), "") | M79: =IF(AND( C46="Buy", ISBLANK(W46), B46<>"DIV"), ((E46*D46)+L46), "") | N79: =IF(AND( C46="Buy", ISBLANK(W46), B46<>"DIV"), D46, "") | O79: =IF(AND( C46="Buy", ISBLANK(W46), B46<>"DIV", NOW()-A46 < 365), P46/SUM(F46:I46), "") | P79: =IF(AND( C46="Buy", ISBLANK(W46), B46<>"DIV", NOW()-A46 < 365), (1-Index!$F$2*2)*((J46*D46)-(E46*D46)), "") | Q79: =IF(AND( C46="Buy", ISBLANK(W46), B46<>"DIV", NOW()-A46 < 365), ((E46*D46)+P46), "") | R79: =IF(AND( C46="Buy", ISBLANK(W46), B46<>"DIV", NOW()-A46 < 365), D46, "") | S79: =IF(AND( C46="Buy", ISBLANK(W46), B46<>"DIV", NOW()-A46 > 365), T46/SUM(F46:I46), "") | T79: =IF(AND( C46="Buy", ISBLANK(W46), B46<>"DIV", NOW()-A46 > 365), (1-Index!$F$2*2)*((J46*D46)-(E46*D46)), "") | U79: =IF(AND( C46="Buy", ISBLANK(W46), B46<>"DIV", NOW()-A46 > 365), ((E46*D46)+T46), "") | V79: =IF(AND( C46="Buy", ISBLANK(W46), B46<>"DIV", NOW()-A46 > 365), D46, "") | Y79: #REF! | AC79: =IF(B46="DIV", F46,"")
A80: 43892 | B80: NSE | C80: Buy | D80: 5 | E80: 481.4 | F80: 2407.02 | H80: 2.39 | I80: 14.38 | J80: =Index!$C$2 | K80: =IF(AND( C47="Buy", ISBLANK(W47), B47<>"DIV"), L47/SUM(F47:I47), "") | L80: =IF(AND( C47="Buy", ISBLANK(W47), B47<>"DIV"), (1-Index!$F$2*2)*((J47*D47)-(E47*D47)), "") | M80: =IF(AND( C47="Buy", ISBLANK(W47), B47<>"DIV"), ((E47*D47)+L47), "") | N80: =IF(AND( C47="Buy", ISBLANK(W47), B47<>"DIV"), D47, "") | O80: =IF(AND( C47="Buy", ISBLANK(W47), B47<>"DIV", NOW()-A47 < 365), P47/SUM(F47:I47), "") | P80: =IF(AND( C47="Buy", ISBLANK(W47), B47<>"DIV", NOW()-A47 < 365), (1-Index!$F$2*2)*((J47*D47)-(E47*D47)), "") | Q80: =IF(AND( C47="Buy", ISBLANK(W47), B47<>"DIV", NOW()-A47 < 365), ((E47*D47)+P47), "") | R80: =IF(AND( C47="Buy", ISBLANK(W47), B47<>"DIV", NOW()-A47 < 365), D47, "") | S80: =IF(AND( C47="Buy", ISBLANK(W47), B47<>"DIV", NOW()-A47 > 365), T47/SUM(F47:I47), "") | T80: =IF(AND( C47="Buy", ISBLANK(W47), B47<>"DIV", NOW()-A47 > 365), (1-Index!$F$2*2)*((J47*D47)-(E47*D47)), "") | U80: =IF(AND( C47="Buy", ISBLANK(W47), B47<>"DIV", NOW()-A47 > 365), ((E47*D47)+T47), "") | V80: =IF(AND( C47="Buy", ISBLANK(W47), B47<>"DIV", NOW()-A47 > 365), D47, "") | W80: 532.7895 | X80: 45565 | Y80: #REF! | Z80: 182.11858 | AA80: #REF! | AB80: 2 | AC80: =IF(B47="DIV", F47,"")
A81: 43831 | B81: NSE | C81: Sell | D81: 25 | E81: 596.83 | F81: 14920.76 | H81: 15.11 | I81: 90.38 | J81: =Index!$C$2 | K81: =IF(AND( C48="Buy", ISBLANK(W48), B48<>"DIV"), L48/SUM(F48:I48), "") | L81: =IF(AND( C48="Buy", ISBLANK(W48), B48<>"DIV"), (1-Index!$F$2*2)*((J48*D48)-(E48*D48)), "") | M81: =IF(AND( C48="Buy", ISBLANK(W48), B48<>"DIV"), ((E48*D48)+L48), "") | N81: =IF(AND( C48="Buy", ISBLANK(W48), B48<>"DIV"), D48, "") | O81: =IF(AND( C48="Buy", ISBLANK(W48), B48<>"DIV", NOW()-A48 < 365), P48/SUM(F48:I48), "") | P81: =IF(AND( C48="Buy", ISBLANK(W48), B48<>"DIV", NOW()-A48 < 365), (1-Index!$F$2*2)*((J48*D48)-(E48*D48)), "") | Q81: =IF(AND( C48="Buy", ISBLANK(W48), B48<>"DIV", NOW()-A48 < 365), ((E48*D48)+P48), "") | R81: =IF(AND( C48="Buy", ISBLANK(W48), B48<>"DIV", NOW()-A48 < 365), D48, "") | S81: =IF(AND( C48="Buy", ISBLANK(W48), B48<>"DIV", NOW()-A48 > 365), T48/SUM(F48:I48), "") | T81: =IF(AND( C48="Buy", ISBLANK(W48), B48<>"DIV", NOW()-A48 > 365), (1-Index!$F$2*2)*((J48*D48)-(E48*D48)), "") | U81: =IF(AND( C48="Buy", ISBLANK(W48), B48<>"DIV", NOW()-A48 > 365), ((E48*D48)+T48), "") | V81: =IF(AND( C48="Buy", ISBLANK(W48), B48<>"DIV", NOW()-A48 > 365), D48, "") | Y81: #REF! | AC81: =IF(B48="DIV", F48,"")
A82: 43823 | B82: NSE | C82: Sell | D82: 20 | E82: 581.38 | F82: 11627.69 | H82: 11.74 | I82: 70.57 | J82: =Index!$C$2 | K82: =IF(AND( C49="Buy", ISBLANK(W49), B49<>"DIV"), L49/SUM(F49:I49), "") | L82: =IF(AND( C49="Buy", ISBLANK(W49), B49<>"DIV"), (1-Index!$F$2*2)*((J49*D49)-(E49*D49)), "") | M82: =IF(AND( C49="Buy", ISBLANK(W49), B49<>"DIV"), ((E49*D49)+L49), "") | N82: =IF(AND( C49="Buy", ISBLANK(W49), B49<>"DIV"), D49, "") | O82: =IF(AND( C49="Buy", ISBLANK(W49), B49<>"DIV", NOW()-A49 < 365), P49/SUM(F49:I49), "") | P82: =IF(AND( C49="Buy", ISBLANK(W49), B49<>"DIV", NOW()-A49 < 365), (1-Index!$F$2*2)*((J49*D49)-(E49*D49)), "") | Q82: =IF(AND( C49="Buy", ISBLANK(W49), B49<>"DIV", NOW()-A49 < 365), ((E49*D49)+P49), "") | R82: =IF(AND( C49="Buy", ISBLANK(W49), B49<>"DIV", NOW()-A49 < 365), D49, "") | S82: =IF(AND( C49="Buy", ISBLANK(W49), B49<>"DIV", NOW()-A49 > 365), T49/SUM(F49:I49), "") | T82: =IF(AND( C49="Buy", ISBLANK(W49), B49<>"DIV", NOW()-A49 > 365), (1-Index!$F$2*2)*((J49*D49)-(E49*D49)), "") | U82: =IF(AND( C49="Buy", ISBLANK(W49), B49<>"DIV", NOW()-A49 > 365), ((E49*D49)+T49), "") | V82: =IF(AND( C49="Buy", ISBLANK(W49), B49<>"DIV", NOW()-A49 > 365), D49, "") | Y82: #REF! | AC82: =IF(B49="DIV", F49,"")
A83: 43822 | B83: NSE | C83: Sell | D83: 20 | E83: 580.9665 | F83: 11702.13 | H83: 11.88 | I83: 70.99 | J83: =Index!$C$2 | K83: =IF(AND( C50="Buy", ISBLANK(W50), B50<>"DIV"), L50/SUM(F50:I50), "") | L83: =IF(AND( C50="Buy", ISBLANK(W50), B50<>"DIV"), (1-Index!$F$2*2)*((J50*D50)-(E50*D50)), "") | M83: =IF(AND( C50="Buy", ISBLANK(W50), B50<>"DIV"), ((E50*D50)+L50), "") | N83: =IF(AND( C50="Buy", ISBLANK(W50), B50<>"DIV"), D50, "") | O83: =IF(AND( C50="Buy", ISBLANK(W50), B50<>"DIV", NOW()-A50 < 365), P50/SUM(F50:I50), "") | P83: =IF(AND( C50="Buy", ISBLANK(W50), B50<>"DIV", NOW()-A50 < 365), (1-Index!$F$2*2)*((J50*D50)-(E50*D50)), "") | Q83: =IF(AND( C50="Buy", ISBLANK(W50), B50<>"DIV", NOW()-A50 < 365), ((E50*D50)+P50), "") | R83: =IF(AND( C50="Buy", ISBLANK(W50), B50<>"DIV", NOW()-A50 < 365), D50, "") | S83: =IF(AND( C50="Buy", ISBLANK(W50), B50<>"DIV", NOW()-A50 > 365), T50/SUM(F50:I50), "") | T83: =IF(AND( C50="Buy", ISBLANK(W50), B50<>"DIV", NOW()-A50 > 365), (1-Index!$F$2*2)*((J50*D50)-(E50*D50)), "") | U83: =IF(AND( C50="Buy", ISBLANK(W50), B50<>"DIV", NOW()-A50 > 365), ((E50*D50)+T50), "") | V83: =IF(AND( C50="Buy", ISBLANK(W50), B50<>"DIV", NOW()-A50 > 365), D50, "") | Y83: #REF! | AC83: =IF(B50="DIV", F50,"")
A84: 43819 | B84: NSE | C84: Sell | D84: 30 | E84: 570.971 | F84: 17251.48 | H84: 17.54 | I84: 104.83 | J84: =Index!$C$2 | K84: =IF(AND( C51="Buy", ISBLANK(W51), B51<>"DIV"), L51/SUM(F51:I51), "") | L84: =IF(AND( C51="Buy", ISBLANK(W51), B51<>"DIV"), (1-Index!$F$2*2)*((J51*D51)-(E51*D51)), "") | M84: =IF(AND( C51="Buy", ISBLANK(W51), B51<>"DIV"), ((E51*D51)+L51), "") | N84: =IF(AND( C51="Buy", ISBLANK(W51), B51<>"DIV"), D51, "") | O84: =IF(AND( C51="Buy", ISBLANK(W51), B51<>"DIV", NOW()-A51 < 365), P51/SUM(F51:I51), "") | P84: =IF(AND( C51="Buy", ISBLANK(W51), B51<>"DIV", NOW()-A51 < 365), (1-Index!$F$2*2)*((J51*D51)-(E51*D51)), "") | Q84: =IF(AND( C51="Buy", ISBLANK(W51), B51<>"DIV", NOW()-A51 < 365), ((E51*D51)+P51), "") | R84: =IF(AND( C51="Buy", ISBLANK(W51), B51<>"DIV", NOW()-A51 < 365), D51, "") | S84: =IF(AND( C51="Buy", ISBLANK(W51), B51<>"DIV", NOW()-A51 > 365), T51/SUM(F51:I51), "") | T84: =IF(AND( C51="Buy", ISBLANK(W51), B51<>"DIV", NOW()-A51 > 365), (1-Index!$F$2*2)*((J51*D51)-(E51*D51)), "") | U84: =IF(AND( C51="Buy", ISBLANK(W51), B51<>"DIV", NOW()-A51 > 365), ((E51*D51)+T51), "") | V84: =IF(AND( C51="Buy", ISBLANK(W51), B51<>"DIV", NOW()-A51 > 365), D51, "") | Y84: -1.8573354 | AC84: =IF(B51="DIV", F51,"")
A85: 43818 | B85: NSE | C85: Buy | D85: 5 | E85: 581.792 | F85: 2914.03 | H85: 2.155 | I85: 2.925 | J85: =Index!$C$2 | K85: =IF(AND( C52="Buy", ISBLANK(W52), B52<>"DIV"), L52/SUM(F52:I52), "") | L85: =IF(AND( C52="Buy", ISBLANK(W52), B52<>"DIV"), (1-Index!$F$2*2)*((J52*D52)-(E52*D52)), "") | M85: =IF(AND( C52="Buy", ISBLANK(W52), B52<>"DIV"), ((E52*D52)+L52), "") | N85: =IF(AND( C52="Buy", ISBLANK(W52), B52<>"DIV"), D52, "") | O85: =IF(AND( C52="Buy", ISBLANK(W52), B52<>"DIV", NOW()-A52 < 365), P52/SUM(F52:I52), "") | P85: =IF(AND( C52="Buy", ISBLANK(W52), B52<>"DIV", NOW()-A52 < 365), (1-Index!$F$2*2)*((J52*D52)-(E52*D52)), "") | Q85: =IF(AND( C52="Buy", ISBLANK(W52), B52<>"DIV", NOW()-A52 < 365), ((E52*D52)+P52), "") | R85: =IF(AND( C52="Buy", ISBLANK(W52), B52<>"DIV", NOW()-A52 < 365), D52, "") | S85: =IF(AND( C52="Buy", ISBLANK(W52), B52<>"DIV", NOW()-A52 > 365), T52/SUM(F52:I52), "") | T85: =IF(AND( C52="Buy", ISBLANK(W52), B52<>"DIV", NOW()-A52 > 365), (1-Index!$F$2*2)*((J52*D52)-(E52*D52)), "") | U85: =IF(AND( C52="Buy", ISBLANK(W52), B52<>"DIV", NOW()-A52 > 365), ((E52*D52)+T52), "") | V85: =IF(AND( C52="Buy", ISBLANK(W52), B52<>"DIV", NOW()-A52 > 365), D52, "") | W85: 532.7895 | X85: 45565 | Y85: =IF(AND( C52="Buy", W52<>"", AA52<>"", B52<>"DIV"), Z52/SUM(F52:I52), "") | Z85: -27771.725 | AA85: 28166.05 | AB85: 55 | AC85: =IF(B52="DIV", F52,"")
A86: 43818 | B86: NSE | C86: Buy | D86: 5 | E86: 581.792 | F86: 2914.03 | H86: 2.155 | I86: 2.925 | J86: =Index!$C$2 | K86: =IF(AND( C53="Buy", ISBLANK(W53), B53<>"DIV"), L53/SUM(F53:I53), "") | L86: =IF(AND( C53="Buy", ISBLANK(W53), B53<>"DIV"), (1-Index!$F$2*2)*((J53*D53)-(E53*D53)), "") | M86: =IF(AND( C53="Buy", ISBLANK(W53), B53<>"DIV"), ((E53*D53)+L53), "") | N86: =IF(AND( C53="Buy", ISBLANK(W53), B53<>"DIV"), D53, "") | O86: =IF(AND( C53="Buy", ISBLANK(W53), B53<>"DIV", NOW()-A53 < 365), P53/SUM(F53:I53), "") | P86: =IF(AND( C53="Buy", ISBLANK(W53), B53<>"DIV", NOW()-A53 < 365), (1-Index!$F$2*2)*((J53*D53)-(E53*D53)), "") | Q86: =IF(AND( C53="Buy", ISBLANK(W53), B53<>"DIV", NOW()-A53 < 365), ((E53*D53)+P53), "") | R86: =IF(AND( C53="Buy", ISBLANK(W53), B53<>"DIV", NOW()-A53 < 365), D53, "") | S86: =IF(AND( C53="Buy", ISBLANK(W53), B53<>"DIV", NOW()-A53 > 365), T53/SUM(F53:I53), "") | T86: =IF(AND( C53="Buy", ISBLANK(W53), B53<>"DIV", NOW()-A53 > 365), (1-Index!$F$2*2)*((J53*D53)-(E53*D53)), "") | U86: =IF(AND( C53="Buy", ISBLANK(W53), B53<>"DIV", NOW()-A53 > 365), ((E53*D53)+T53), "") | V86: =IF(AND( C53="Buy", ISBLANK(W53), B53<>"DIV", NOW()-A53 > 365), D53, "") | W86: 574.903 | X86: 45565 | Y86: =IF(AND( C53="Buy", W53<>"", AA53<>"", B53<>"DIV"), Z53/SUM(F53:I53), "") | Z86: -25533.949 | AA86: 25896.5 | AB86: 50 | AC86: =IF(B53="DIV", F53,"")
A87: 43818 | B87: NSE | C87: Sell | D87: 10 | E87: 574.903 | F87: 5759.03 | H87: 4.27 | I87: 5.7 | J87: =Index!$C$2 | K87: =IF(AND( C54="Buy", ISBLANK(W54), B54<>"DIV"), L54/SUM(F54:I54), "") | L87: =IF(AND( C54="Buy", ISBLANK(W54), B54<>"DIV"), (1-Index!$F$2*2)*((J54*D54)-(E54*D54)), "") | M87: =IF(AND( C54="Buy", ISBLANK(W54), B54<>"DIV"), ((E54*D54)+L54), "") | N87: =IF(AND( C54="Buy", ISBLANK(W54), B54<>"DIV"), D54, "") | O87: =IF(AND( C54="Buy", ISBLANK(W54), B54<>"DIV", NOW()-A54 < 365), P54/SUM(F54:I54), "") | P87: =IF(AND( C54="Buy", ISBLANK(W54), B54<>"DIV", NOW()-A54 < 365), (1-Index!$F$2*2)*((J54*D54)-(E54*D54)), "") | Q87: =IF(AND( C54="Buy", ISBLANK(W54), B54<>"DIV", NOW()-A54 < 365), ((E54*D54)+P54), "") | R87: =IF(AND( C54="Buy", ISBLANK(W54), B54<>"DIV", NOW()-A54 < 365), D54, "") | S87: =IF(AND( C54="Buy", ISBLANK(W54), B54<>"DIV", NOW()-A54 > 365), T54/SUM(F54:I54), "") | T87: =IF(AND( C54="Buy", ISBLANK(W54), B54<>"DIV", NOW()-A54 > 365), (1-Index!$F$2*2)*((J54*D54)-(E54*D54)), "") | U87: =IF(AND( C54="Buy", ISBLANK(W54), B54<>"DIV", NOW()-A54 > 365), ((E54*D54)+T54), "") | V87: =IF(AND( C54="Buy", ISBLANK(W54), B54<>"DIV", NOW()-A54 > 365), D54, "") | Y87: -0.31079929 | AC87: =IF(B54="DIV", F54,"")
A88: 43812 | B88: NSE | C88: Sell | D88: 20 | E88: 508.1195 | F88: 10232.19 | H88: 7.82 | I88: 61.99 | J88: =Index!$C$2 | K88: =IF(AND( C55="Buy", ISBLANK(W55), B55<>"DIV"), L55/SUM(F55:I55), "") | L88: =IF(AND( C55="Buy", ISBLANK(W55), B55<>"DIV"), (1-Index!$F$2*2)*((J55*D55)-(E55*D55)), "") | M88: =IF(AND( C55="Buy", ISBLANK(W55), B55<>"DIV"), ((E55*D55)+L55), "") | N88: =IF(AND( C55="Buy", ISBLANK(W55), B55<>"DIV"), D55, "") | O88: =IF(AND( C55="Buy", ISBLANK(W55), B55<>"DIV", NOW()-A55 < 365), P55/SUM(F55:I55), "") | P88: =IF(AND( C55="Buy", ISBLANK(W55), B55<>"DIV", NOW()-A55 < 365), (1-Index!$F$2*2)*((J55*D55)-(E55*D55)), "") | Q88: =IF(AND( C55="Buy", ISBLANK(W55), B55<>"DIV", NOW()-A55 < 365), ((E55*D55)+P55), "") | R88: =IF(AND( C55="Buy", ISBLANK(W55), B55<>"DIV", NOW()-A55 < 365), D55, "") | S88: =IF(AND( C55="Buy", ISBLANK(W55), B55<>"DIV", NOW()-A55 > 365), T55/SUM(F55:I55), "") | T88: =IF(AND( C55="Buy", ISBLANK(W55), B55<>"DIV", NOW()-A55 > 365), (1-Index!$F$2*2)*((J55*D55)-(E55*D55)), "") | U88: =IF(AND( C55="Buy", ISBLANK(W55), B55<>"DIV", NOW()-A55 > 365), ((E55*D55)+T55), "") | V88: =IF(AND( C55="Buy", ISBLANK(W55), B55<>"DIV", NOW()-A55 > 365), D55, "") | Y88: =IF(AND( C55="Buy", W55<>"", AA55<>"", B55<>"DIV"), Z55/SUM(F55:I55), "") | AC88: =IF(B55="DIV", F55,"")
A89: 43811 | B89: NSE | C89: Sell | D89: 25 | E89: 501.9024 | F89: 12633.31 | H89: 9.28 | I89: 76.41 | J89: =Index!$C$2 | K89: =IF(AND( C56="Buy", ISBLANK(W56), B56<>"DIV"), L56/SUM(F56:I56), "") | L89: =IF(AND( C56="Buy", ISBLANK(W56), B56<>"DIV"), (1-Index!$F$2*2)*((J56*D56)-(E56*D56)), "") | M89: =IF(AND( C56="Buy", ISBLANK(W56), B56<>"DIV"), ((E56*D56)+L56), "") | N89: =IF(AND( C56="Buy", ISBLANK(W56), B56<>"DIV"), D56, "") | O89: =IF(AND( C56="Buy", ISBLANK(W56), B56<>"DIV", NOW()-A56 < 365), P56/SUM(F56:I56), "") | P89: =IF(AND( C56="Buy", ISBLANK(W56), B56<>"DIV", NOW()-A56 < 365), (1-Index!$F$2*2)*((J56*D56)-(E56*D56)), "") | Q89: =IF(AND( C56="Buy", ISBLANK(W56), B56<>"DIV", NOW()-A56 < 365), ((E56*D56)+P56), "") | R89: =IF(AND( C56="Buy", ISBLANK(W56), B56<>"DIV", NOW()-A56 < 365), D56, "") | S89: =IF(AND( C56="Buy", ISBLANK(W56), B56<>"DIV", NOW()-A56 > 365), T56/SUM(F56:I56), "") | T89: =IF(AND( C56="Buy", ISBLANK(W56), B56<>"DIV", NOW()-A56 > 365), (1-Index!$F$2*2)*((J56*D56)-(E56*D56)), "") | U89: =IF(AND( C56="Buy", ISBLANK(W56), B56<>"DIV", NOW()-A56 > 365), ((E56*D56)+T56), "") | V89: =IF(AND( C56="Buy", ISBLANK(W56), B56<>"DIV", NOW()-A56 > 365), D56, "") | Y89: =IF(AND( C56="Buy", W56<>"", AA56<>"", B56<>"DIV"), Z56/SUM(F56:I56), "") | AC89: =IF(B56="DIV", F56,"")
A90: 43803 | B90: NSE | C90: Sell | D90: 30 | E90: 511.70733 | F90: 15458.32 | H90: 13.78 | I90: 93.4 | J90: =Index!$C$2 | K90: =IF(AND( C57="Buy", ISBLANK(W57), B57<>"DIV"), L57/SUM(F57:I57), "") | L90: =IF(AND( C57="Buy", ISBLANK(W57), B57<>"DIV"), (1-Index!$F$2*2)*((J57*D57)-(E57*D57)), "") | M90: =IF(AND( C57="Buy", ISBLANK(W57), B57<>"DIV"), ((E57*D57)+L57), "") | N90: =IF(AND( C57="Buy", ISBLANK(W57), B57<>"DIV"), D57, "") | O90: =IF(AND( C57="Buy", ISBLANK(W57), B57<>"DIV", NOW()-A57 < 365), P57/SUM(F57:I57), "") | P90: =IF(AND( C57="Buy", ISBLANK(W57), B57<>"DIV", NOW()-A57 < 365), (1-Index!$F$2*2)*((J57*D57)-(E57*D57)), "") | Q90: =IF(AND( C57="Buy", ISBLANK(W57), B57<>"DIV", NOW()-A57 < 365), ((E57*D57)+P57), "") | R90: =IF(AND( C57="Buy", ISBLANK(W57), B57<>"DIV", NOW()-A57 < 365), D57, "") | S90: =IF(AND( C57="Buy", ISBLANK(W57), B57<>"DIV", NOW()-A57 > 365), T57/SUM(F57:I57), "") | T90: =IF(AND( C57="Buy", ISBLANK(W57), B57<>"DIV", NOW()-A57 > 365), (1-Index!$F$2*2)*((J57*D57)-(E57*D57)), "") | U90: =IF(AND( C57="Buy", ISBLANK(W57), B57<>"DIV", NOW()-A57 > 365), ((E57*D57)+T57), "") | V90: =IF(AND( C57="Buy", ISBLANK(W57), B57<>"DIV", NOW()-A57 > 365), D57, "") | Y90: -1.0636442 | AC90: =IF(B57="DIV", F57,"")
A91: 43676 | B91: DIV | C91: Buy | D91: 175 | E91: 4 | F91: 700 | G91: Dividend of Rs.4.0000/- per share on 30-JUL-2019 | H91: 0 | I91: 0 | J91: =Index!$C$2 | K91: =IF(AND( C58="Buy", ISBLANK(W58), B58<>"DIV"), L58/SUM(F58:I58), "") | L91: =IF(AND( C58="Buy", ISBLANK(W58), B58<>"DIV"), (1-Index!$F$2*2)*((J58*D58)-(E58*D58)), "") | M91: =IF(AND( C58="Buy", ISBLANK(W58), B58<>"DIV"), ((E58*D58)+L58), "") | N91: =IF(AND( C58="Buy", ISBLANK(W58), B58<>"DIV"), D58, "") | O91: =IF(AND( C58="Buy", ISBLANK(W58), B58<>"DIV", NOW()-A58 < 365), P58/SUM(F58:I58), "") | P91: =IF(AND( C58="Buy", ISBLANK(W58), B58<>"DIV", NOW()-A58 < 365), (1-Index!$F$2*2)*((J58*D58)-(E58*D58)), "") | Q91: =IF(AND( C58="Buy", ISBLANK(W58), B58<>"DIV", NOW()-A58 < 365), ((E58*D58)+P58), "") | R91: =IF(AND( C58="Buy", ISBLANK(W58), B58<>"DIV", NOW()-A58 < 365), D58, "") | S91: =IF(AND( C58="Buy", ISBLANK(W58), B58<>"DIV", NOW()-A58 > 365), T58/SUM(F58:I58), "") | T91: =IF(AND( C58="Buy", ISBLANK(W58), B58<>"DIV", NOW()-A58 > 365), (1-Index!$F$2*2)*((J58*D58)-(E58*D58)), "") | U91: =IF(AND( C58="Buy", ISBLANK(W58), B58<>"DIV", NOW()-A58 > 365), ((E58*D58)+T58), "") | V91: =IF(AND( C58="Buy", ISBLANK(W58), B58<>"DIV", NOW()-A58 > 365), D58, "") | Y91: 0.4878458 | AC91: =IF(B58="DIV", F58,"")
A92: 43647 | B92: NSE | C92: Buy | D92: 10 | E92: 351.349 | F92: 3538.41 | H92: 3.51 | I92: 21.4 | J92: =Index!$C$2 | K92: =IF(AND( C59="Buy", ISBLANK(W59), B59<>"DIV"), L59/SUM(F59:I59), "") | L92: =IF(AND( C59="Buy", ISBLANK(W59), B59<>"DIV"), (1-Index!$F$2*2)*((J59*D59)-(E59*D59)), "") | M92: =IF(AND( C59="Buy", ISBLANK(W59), B59<>"DIV"), ((E59*D59)+L59), "") | N92: =IF(AND( C59="Buy", ISBLANK(W59), B59<>"DIV"), D59, "") | O92: =IF(AND( C59="Buy", ISBLANK(W59), B59<>"DIV", NOW()-A59 < 365), P59/SUM(F59:I59), "") | P92: =IF(AND( C59="Buy", ISBLANK(W59), B59<>"DIV", NOW()-A59 < 365), (1-Index!$F$2*2)*((J59*D59)-(E59*D59)), "") | Q92: =IF(AND( C59="Buy", ISBLANK(W59), B59<>"DIV", NOW()-A59 < 365), ((E59*D59)+P59), "") | R92: =IF(AND( C59="Buy", ISBLANK(W59), B59<>"DIV", NOW()-A59 < 365), D59, "") | S92: =IF(AND( C59="Buy", ISBLANK(W59), B59<>"DIV", NOW()-A59 > 365), T59/SUM(F59:I59), "") | T92: =IF(AND( C59="Buy", ISBLANK(W59), B59<>"DIV", NOW()-A59 > 365), (1-Index!$F$2*2)*((J59*D59)-(E59*D59)), "") | U92: =IF(AND( C59="Buy", ISBLANK(W59), B59<>"DIV", NOW()-A59 > 365), ((E59*D59)+T59), "") | V92: =IF(AND( C59="Buy", ISBLANK(W59), B59<>"DIV", NOW()-A59 > 365), D59, "") | W92: 574.903 | X92: 45565 | Y92: 0.52358679 | Z92: 410.97376 | AA92: 3244.467 | AB92: 5 | AC92: =IF(B59="DIV", F59,"")
A93: 43382 | B93: NSE | C93: Buy | D93: 10 | E93: 370.404 | F93: 3730.06 | H93: 3.68 | I93: 22.38 | J93: =Index!$C$2 | K93: =IF(AND( C60="Buy", ISBLANK(W60), B60<>"DIV"), L60/SUM(F60:I60), "") | L93: =IF(AND( C60="Buy", ISBLANK(W60), B60<>"DIV"), (1-Index!$F$2*2)*((J60*D60)-(E60*D60)), "") | M93: =IF(AND( C60="Buy", ISBLANK(W60), B60<>"DIV"), ((E60*D60)+L60), "") | N93: =IF(AND( C60="Buy", ISBLANK(W60), B60<>"DIV"), D60, "") | O93: =IF(AND( C60="Buy", ISBLANK(W60), B60<>"DIV", NOW()-A60 < 365), P60/SUM(F60:I60), "") | P93: =IF(AND( C60="Buy", ISBLANK(W60), B60<>"DIV", NOW()-A60 < 365), (1-Index!$F$2*2)*((J60*D60)-(E60*D60)), "") | Q93: =IF(AND( C60="Buy", ISBLANK(W60), B60<>"DIV", NOW()-A60 < 365), ((E60*D60)+P60), "") | R93: =IF(AND( C60="Buy", ISBLANK(W60), B60<>"DIV", NOW()-A60 < 365), D60, "") | S93: =IF(AND( C60="Buy", ISBLANK(W60), B60<>"DIV", NOW()-A60 > 365), T60/SUM(F60:I60), "") | T93: =IF(AND( C60="Buy", ISBLANK(W60), B60<>"DIV", NOW()-A60 > 365), (1-Index!$F$2*2)*((J60*D60)-(E60*D60)), "") | U93: =IF(AND( C60="Buy", ISBLANK(W60), B60<>"DIV", NOW()-A60 > 365), ((E60*D60)+T60), "") | V93: =IF(AND( C60="Buy", ISBLANK(W60), B60<>"DIV", NOW()-A60 > 365), D60, "") | W93: 574.903 | X93: 45565 | Y93: #REF! | Z93: 1004.3575 | AA93: 4852.4927 | AB93: 10 | AC93: =IF(B60="DIV", F60,"")
A94: 43376 | B94: NSE | C94: Buy | D94: 20 | E94: 367 | F94: 7391.8 | H94: 7.328 | I94: 44.472 | J94: =Index!$C$2 | K94: =IF(AND( C61="Buy", ISBLANK(W61), B61<>"DIV"), L61/SUM(F61:I61), "") | L94: =IF(AND( C61="Buy", ISBLANK(W61), B61<>"DIV"), (1-Index!$F$2*2)*((J61*D61)-(E61*D61)), "") | M94: =IF(AND( C61="Buy", ISBLANK(W61), B61<>"DIV"), ((E61*D61)+L61), "") | N94: =IF(AND( C61="Buy", ISBLANK(W61), B61<>"DIV"), D61, "") | O94: =IF(AND( C61="Buy", ISBLANK(W61), B61<>"DIV", NOW()-A61 < 365), P61/SUM(F61:I61), "") | P94: =IF(AND( C61="Buy", ISBLANK(W61), B61<>"DIV", NOW()-A61 < 365), (1-Index!$F$2*2)*((J61*D61)-(E61*D61)), "") | Q94: =IF(AND( C61="Buy", ISBLANK(W61), B61<>"DIV", NOW()-A61 < 365), ((E61*D61)+P61), "") | R94: =IF(AND( C61="Buy", ISBLANK(W61), B61<>"DIV", NOW()-A61 < 365), D61, "") | S94: =IF(AND( C61="Buy", ISBLANK(W61), B61<>"DIV", NOW()-A61 > 365), T61/SUM(F61:I61), "") | T94: =IF(AND( C61="Buy", ISBLANK(W61), B61<>"DIV", NOW()-A61 > 365), (1-Index!$F$2*2)*((J61*D61)-(E61*D61)), "") | U94: =IF(AND( C61="Buy", ISBLANK(W61), B61<>"DIV", NOW()-A61 > 365), ((E61*D61)+T61), "") | V94: =IF(AND( C61="Buy", ISBLANK(W61), B61<>"DIV", NOW()-A61 > 365), D61, "") | W94: 577.2645 | X94: 45565 | Y94: #REF! | Z94: 987.00393 | AA94: 4560.3014 | AB94: 10 | AC94: =IF(B61="DIV", F61,"")
A95: 43376 | B95: NSE | C95: Buy | D95: 5 | E95: 367 | F95: 1847.95 | H95: 1.832 | I95: 11.118 | J95: =Index!$C$2 | K95: =IF(AND( C62="Buy", ISBLANK(W62), B62<>"DIV"), L62/SUM(F62:I62), "") | L95: =IF(AND( C62="Buy", ISBLANK(W62), B62<>"DIV"), (1-Index!$F$2*2)*((J62*D62)-(E62*D62)), "") | M95: =IF(AND( C62="Buy", ISBLANK(W62), B62<>"DIV"), ((E62*D62)+L62), "") | N95: =IF(AND( C62="Buy", ISBLANK(W62), B62<>"DIV"), D62, "") | O95: =IF(AND( C62="Buy", ISBLANK(W62), B62<>"DIV", NOW()-A62 < 365), P62/SUM(F62:I62), "") | P95: =IF(AND( C62="Buy", ISBLANK(W62), B62<>"DIV", NOW()-A62 < 365), (1-Index!$F$2*2)*((J62*D62)-(E62*D62)), "") | Q95: =IF(AND( C62="Buy", ISBLANK(W62), B62<>"DIV", NOW()-A62 < 365), ((E62*D62)+P62), "") | R95: =IF(AND( C62="Buy", ISBLANK(W62), B62<>"DIV", NOW()-A62 < 365), D62, "") | S95: =IF(AND( C62="Buy", ISBLANK(W62), B62<>"DIV", NOW()-A62 > 365), T62/SUM(F62:I62), "") | T95: =IF(AND( C62="Buy", ISBLANK(W62), B62<>"DIV", NOW()-A62 > 365), (1-Index!$F$2*2)*((J62*D62)-(E62*D62)), "") | U95: =IF(AND( C62="Buy", ISBLANK(W62), B62<>"DIV", NOW()-A62 > 365), ((E62*D62)+T62), "") | V95: =IF(AND( C62="Buy", ISBLANK(W62), B62<>"DIV", NOW()-A62 > 365), D62, "") | W95: 580.9665 | X95: 45565 | Y95: -3.9696337 | Z95: 982.07393 | AA95: -12224.307 | AB95: 10 | AC95: =IF(B62="DIV", F62,"")
A96: 43369 | B96: NSE | C96: Buy | D96: 15 | E96: 414.05867 | F96: 6254.418 | H96: 6.22 | I96: 37.296 | J96: =Index!$C$2 | K96: =IF(AND( C63="Buy", ISBLANK(W63), B63<>"DIV"), L63/SUM(F63:I63), "") | L96: =IF(AND( C63="Buy", ISBLANK(W63), B63<>"DIV"), (1-Index!$F$2*2)*((J63*D63)-(E63*D63)), "") | M96: =IF(AND( C63="Buy", ISBLANK(W63), B63<>"DIV"), ((E63*D63)+L63), "") | N96: =IF(AND( C63="Buy", ISBLANK(W63), B63<>"DIV"), D63, "") | O96: =IF(AND( C63="Buy", ISBLANK(W63), B63<>"DIV", NOW()-A63 < 365), P63/SUM(F63:I63), "") | P96: =IF(AND( C63="Buy", ISBLANK(W63), B63<>"DIV", NOW()-A63 < 365), (1-Index!$F$2*2)*((J63*D63)-(E63*D63)), "") | Q96: =IF(AND( C63="Buy", ISBLANK(W63), B63<>"DIV", NOW()-A63 < 365), ((E63*D63)+P63), "") | R96: =IF(AND( C63="Buy", ISBLANK(W63), B63<>"DIV", NOW()-A63 < 365), D63, "") | S96: =IF(AND( C63="Buy", ISBLANK(W63), B63<>"DIV", NOW()-A63 > 365), T63/SUM(F63:I63), "") | T96: =IF(AND( C63="Buy", ISBLANK(W63), B63<>"DIV", NOW()-A63 > 365), (1-Index!$F$2*2)*((J63*D63)-(E63*D63)), "") | U96: =IF(AND( C63="Buy", ISBLANK(W63), B63<>"DIV", NOW()-A63 > 365), ((E63*D63)+T63), "") | V96: =IF(AND( C63="Buy", ISBLANK(W63), B63<>"DIV", NOW()-A63 > 365), D63, "") | W96: 580.9665 | X96: 45565 | Y96: #REF! | Z96: 2195.0273 | AA96: 3228.9098 | AB96: 10 | AC96: =IF(B63="DIV", F63,"")
A97: 43369 | B97: NSE | C97: Buy | D97: 10 | E97: 414.059 | F97: 4169.612 | H97: 4.148 | I97: 24.864 | J97: =Index!$C$2 | K97: =IF(AND( C64="Buy", ISBLANK(W64), B64<>"DIV"), L64/SUM(F64:I64), "") | L97: =IF(AND( C64="Buy", ISBLANK(W64), B64<>"DIV"), (1-Index!$F$2*2)*((J64*D64)-(E64*D64)), "") | M97: =IF(AND( C64="Buy", ISBLANK(W64), B64<>"DIV"), ((E64*D64)+L64), "") | N97: =IF(AND( C64="Buy", ISBLANK(W64), B64<>"DIV"), D64, "") | O97: =IF(AND( C64="Buy", ISBLANK(W64), B64<>"DIV", NOW()-A64 < 365), P64/SUM(F64:I64), "") | P97: =IF(AND( C64="Buy", ISBLANK(W64), B64<>"DIV", NOW()-A64 < 365), (1-Index!$F$2*2)*((J64*D64)-(E64*D64)), "") | Q97: =IF(AND( C64="Buy", ISBLANK(W64), B64<>"DIV", NOW()-A64 < 365), ((E64*D64)+P64), "") | R97: =IF(AND( C64="Buy", ISBLANK(W64), B64<>"DIV", NOW()-A64 < 365), D64, "") | S97: =IF(AND( C64="Buy", ISBLANK(W64), B64<>"DIV", NOW()-A64 > 365), T64/SUM(F64:I64), "") | T97: =IF(AND( C64="Buy", ISBLANK(W64), B64<>"DIV", NOW()-A64 > 365), (1-Index!$F$2*2)*((J64*D64)-(E64*D64)), "") | U97: =IF(AND( C64="Buy", ISBLANK(W64), B64<>"DIV", NOW()-A64 > 365), ((E64*D64)+T64), "") | V97: =IF(AND( C64="Buy", ISBLANK(W64), B64<>"DIV", NOW()-A64 > 365), D64, "") | W97: 570.971 | X97: 45565 | Y97: #REF! | Z97: 2233.6785 | AA97: 3554.2932 | AB97: 10 | AC97: =IF(B64="DIV", F64,"")
A98: 43354 | B98: NSE | C98: Buy | D98: 20 | E98: 416.0965 | F98: 8380.0733 | H98: 8 | I98: 50.07333 | J98: =Index!$C$2 | K98: =IF(AND( C65="Buy", ISBLANK(W65), B65<>"DIV"), L65/SUM(F65:I65), "") | L98: =IF(AND( C65="Buy", ISBLANK(W65), B65<>"DIV"), (1-Index!$F$2*2)*((J65*D65)-(E65*D65)), "") | M98: =IF(AND( C65="Buy", ISBLANK(W65), B65<>"DIV"), ((E65*D65)+L65), "") | N98: =IF(AND( C65="Buy", ISBLANK(W65), B65<>"DIV"), D65, "") | O98: =IF(AND( C65="Buy", ISBLANK(W65), B65<>"DIV", NOW()-A65 < 365), P65/SUM(F65:I65), "") | P98: =IF(AND( C65="Buy", ISBLANK(W65), B65<>"DIV", NOW()-A65 < 365), (1-Index!$F$2*2)*((J65*D65)-(E65*D65)), "") | Q98: =IF(AND( C65="Buy", ISBLANK(W65), B65<>"DIV", NOW()-A65 < 365), ((E65*D65)+P65), "") | R98: =IF(AND( C65="Buy", ISBLANK(W65), B65<>"DIV", NOW()-A65 < 365), D65, "") | S98: =IF(AND( C65="Buy", ISBLANK(W65), B65<>"DIV", NOW()-A65 > 365), T65/SUM(F65:I65), "") | T98: =IF(AND( C65="Buy", ISBLANK(W65), B65<>"DIV", NOW()-A65 > 365), (1-Index!$F$2*2)*((J65*D65)-(E65*D65)), "") | U98: =IF(AND( C65="Buy", ISBLANK(W65), B65<>"DIV", NOW()-A65 > 365), ((E65*D65)+T65), "") | V98: =IF(AND( C65="Buy", ISBLANK(W65), B65<>"DIV", NOW()-A65 > 365), D65, "") | W98: 570.971 | X98: 45565 | Y98: #REF! | Z98: 2011.8285 | AA98: 3497.1493 | AB98: 10 | AC98: =IF(B65="DIV", F65,"")
A99: 43354 | B99: NSE | C99: Buy | D99: 10 | E99: 416.096 | F99: 4190.0366 | H99: 4 | I99: 25.03666 | J99: =Index!$C$2 | K99: =IF(AND( C66="Buy", ISBLANK(W66), B66<>"DIV"), L66/SUM(F66:I66), "") | L99: =IF(AND( C66="Buy", ISBLANK(W66), B66<>"DIV"), (1-Index!$F$2*2)*((J66*D66)-(E66*D66)), "") | M99: =IF(AND( C66="Buy", ISBLANK(W66), B66<>"DIV"), ((E66*D66)+L66), "") | N99: =IF(AND( C66="Buy", ISBLANK(W66), B66<>"DIV"), D66, "") | O99: =IF(AND( C66="Buy", ISBLANK(W66), B66<>"DIV", NOW()-A66 < 365), P66/SUM(F66:I66), "") | P99: =IF(AND( C66="Buy", ISBLANK(W66), B66<>"DIV", NOW()-A66 < 365), (1-Index!$F$2*2)*((J66*D66)-(E66*D66)), "") | Q99: =IF(AND( C66="Buy", ISBLANK(W66), B66<>"DIV", NOW()-A66 < 365), ((E66*D66)+P66), "") | R99: =IF(AND( C66="Buy", ISBLANK(W66), B66<>"DIV", NOW()-A66 < 365), D66, "") | S99: =IF(AND( C66="Buy", ISBLANK(W66), B66<>"DIV", NOW()-A66 > 365), T66/SUM(F66:I66), "") | T99: =IF(AND( C66="Buy", ISBLANK(W66), B66<>"DIV", NOW()-A66 > 365), (1-Index!$F$2*2)*((J66*D66)-(E66*D66)), "") | U99: =IF(AND( C66="Buy", ISBLANK(W66), B66<>"DIV", NOW()-A66 > 365), ((E66*D66)+T66), "") | V99: =IF(AND( C66="Buy", ISBLANK(W66), B66<>"DIV", NOW()-A66 > 365), D66, "") | W99: 574.903 | X99: 45565 | Y99: -0.016744013 | Z99: 1467.2607 | AA99: 3593.375 | AB99: 10 | AC99: =IF(B66="DIV", F66,"")
A100: 43312 | B100: NSE | C100: Buy | D100: 20 | E100: 464.205 | F100: 9348.9111 | H100: 9.2133 | I100: 55.6933 | J100: =Index!$C$2 | K100: =IF(AND( C67="Buy", ISBLANK(W67), B67<>"DIV"), L67/SUM(F67:I67), "") | L100: =IF(AND( C67="Buy", ISBLANK(W67), B67<>"DIV"), (1-Index!$F$2*2)*((J67*D67)-(E67*D67)), "") | M100: =IF(AND( C67="Buy", ISBLANK(W67), B67<>"DIV"), ((E67*D67)+L67), "") | N100: =IF(AND( C67="Buy", ISBLANK(W67), B67<>"DIV"), D67, "") | O100: =IF(AND( C67="Buy", ISBLANK(W67), B67<>"DIV", NOW()-A67 < 365), P67/SUM(F67:I67), "") | P100: =IF(AND( C67="Buy", ISBLANK(W67), B67<>"DIV", NOW()-A67 < 365), (1-Index!$F$2*2)*((J67*D67)-(E67*D67)), "") | Q100: =IF(AND( C67="Buy", ISBLANK(W67), B67<>"DIV", NOW()-A67 < 365), ((E67*D67)+P67), "") | R100: =IF(AND( C67="Buy", ISBLANK(W67), B67<>"DIV", NOW()-A67 < 365), D67, "") | S100: =IF(AND( C67="Buy", ISBLANK(W67), B67<>"DIV", NOW()-A67 > 365), T67/SUM(F67:I67), "") | T100: =IF(AND( C67="Buy", ISBLANK(W67), B67<>"DIV", NOW()-A67 > 365), (1-Index!$F$2*2)*((J67*D67)-(E67*D67)), "") | U100: =IF(AND( C67="Buy", ISBLANK(W67), B67<>"DIV", NOW()-A67 > 365), ((E67*D67)+T67), "") | V100: =IF(AND( C67="Buy", ISBLANK(W67), B67<>"DIV", NOW()-A67 > 365), D67, "") | W100: 508.1195 | X100: 45565 | Y100: -0.040120041 | Z100: 1160.6147 | AA100: 3805.775 | AB100: 10 | AC100: =IF(B67="DIV", F67,"")
A101: 43312 | B101: NSE | C101: Buy | D101: 25 | E101: 464.2044 | F101: 11686.139 | H101: 11.51666 | I101: 69.6166 | J101: =Index!$C$2 | K101: =IF(AND( C68="Buy", ISBLANK(W68), B68<>"DIV"), L68/SUM(F68:I68), "") | L101: =IF(AND( C68="Buy", ISBLANK(W68), B68<>"DIV"), (1-Index!$F$2*2)*((J68*D68)-(E68*D68)), "") | M101: =IF(AND( C68="Buy", ISBLANK(W68), B68<>"DIV"), ((E68*D68)+L68), "") | N101: =IF(AND( C68="Buy", ISBLANK(W68), B68<>"DIV"), D68, "") | O101: =IF(AND( C68="Buy", ISBLANK(W68), B68<>"DIV", NOW()-A68 < 365), P68/SUM(F68:I68), "") | P101: =IF(AND( C68="Buy", ISBLANK(W68), B68<>"DIV", NOW()-A68 < 365), (1-Index!$F$2*2)*((J68*D68)-(E68*D68)), "") | Q101: =IF(AND( C68="Buy", ISBLANK(W68), B68<>"DIV", NOW()-A68 < 365), ((E68*D68)+P68), "") | R101: =IF(AND( C68="Buy", ISBLANK(W68), B68<>"DIV", NOW()-A68 < 365), D68, "") | S101: =IF(AND( C68="Buy", ISBLANK(W68), B68<>"DIV", NOW()-A68 > 365), T68/SUM(F68:I68), "") | T101: =IF(AND( C68="Buy", ISBLANK(W68), B68<>"DIV", NOW()-A68 > 365), (1-Index!$F$2*2)*((J68*D68)-(E68*D68)), "") | U101: =IF(AND( C68="Buy", ISBLANK(W68), B68<>"DIV", NOW()-A68 > 365), ((E68*D68)+T68), "") | V101: =IF(AND( C68="Buy", ISBLANK(W68), B68<>"DIV", NOW()-A68 > 365), D68, "") | W101: 501.9024 | X101: 45565 | Y101: #REF! | Z101: 1102.8361 | AA101: 4412.8797 | AB101: 10 | AC101: =IF(B68="DIV", F68,"")
A102: 43312 | B102: NSE | C102: Buy | D102: 10 | E102: 464.204 | F102: 4674.4545 | H102: 4.60727 | I102: 27.8472 | J102: =Index!$C$2 | K102: =IF(AND( C69="Buy", ISBLANK(W69), B69<>"DIV"), L69/SUM(F69:I69), "") | L102: =IF(AND( C69="Buy", ISBLANK(W69), B69<>"DIV"), (1-Index!$F$2*2)*((J69*D69)-(E69*D69)), "") | M102: =IF(AND( C69="Buy", ISBLANK(W69), B69<>"DIV"), ((E69*D69)+L69), "") | N102: =IF(AND( C69="Buy", ISBLANK(W69), B69<>"DIV"), D69, "") | O102: =IF(AND( C69="Buy", ISBLANK(W69), B69<>"DIV", NOW()-A69 < 365), P69/SUM(F69:I69), "") | P102: =IF(AND( C69="Buy", ISBLANK(W69), B69<>"DIV", NOW()-A69 < 365), (1-Index!$F$2*2)*((J69*D69)-(E69*D69)), "") | Q102: =IF(AND( C69="Buy", ISBLANK(W69), B69<>"DIV", NOW()-A69 < 365), ((E69*D69)+P69), "") | R102: =IF(AND( C69="Buy", ISBLANK(W69), B69<>"DIV", NOW()-A69 < 365), D69, "") | S102: =IF(AND( C69="Buy", ISBLANK(W69), B69<>"DIV", NOW()-A69 > 365), T69/SUM(F69:I69), "") | T102: =IF(AND( C69="Buy", ISBLANK(W69), B69<>"DIV", NOW()-A69 > 365), (1-Index!$F$2*2)*((J69*D69)-(E69*D69)), "") | U102: =IF(AND( C69="Buy", ISBLANK(W69), B69<>"DIV", NOW()-A69 > 365), ((E69*D69)+T69), "") | V102: =IF(AND( C69="Buy", ISBLANK(W69), B69<>"DIV", NOW()-A69 > 365), D69, "") | W102: 511.70733 | X102: 45565 | Y102: =IF(AND( C69="Buy", W69<>"", AA69<>"", B69<>"DIV"), Z69/SUM(F69:I69), "") | Z102: -49.3 | AA102: 50 | AB102: 10 | AC102: =IF(B69="DIV", F69,"")
...

Sheet Index
B1: Code | C1: NSE:AVANTIFEED
B2: Current Price | C2: 1081.2 | E2: Commission | F2: 0.007
B3: 52 Week High | C3: 1116.5
B4: 52 Week Low | C4: 601.55
B6: UnRealised
A8: All | B8: Units | C8: =SUM('Trading History'!$N$4:$N998) | E8: ST Units | F8: =IFERROR(SUM('Trading History'!$R$4:$R998), 0) | H8: LT Units | I8: =SUM('Trading History'!$V$4:$V998) | K8: Units | L8: =SUM('Trading History'!$AB$4:$AB998)
B9: Avg % | C9: =IFERROR(Index!C10/(Index!C8*Index!$C$2), 0) | E9: ST Avg % | F9: =IFERROR(Index!F10/(Index!F8*Index!$C$2), 0) | H9: LT Avg % | I9: =IFERROR(Index!I10/(Index!I8*Index!$C$2), 0) | K9: Avg % | L9: =IFERROR(Index!L10/(Index!L8*Index!$C$2), 0)
B10: Gain | C10: =SUM('Trading History'!$L$4:$L998) | E10: ST Gain | F10: =SUM('Trading History'!$P$4:$P998) | H10: LT Gain | I10: =SUM('Trading History'!$T$4:$T998) | K10: Gain | L10: =SUM('Trading History'!$Z$4:$Z998)
B11: Invested | C11: =Index!C12-Index!C10 | E11: ST Invested | F11: =Index!F12-Index!F10 | H11: LT Invested | I11: =Index!I12-Index!I10 | K11: Invested | L11: =Index!L12-Index!L10
B12: Gross | C12: =SUM('Trading History'!$M$4:$M998) | E12: ST Gross | F12: =SUM('Trading History'!$Q$4:$Q998) | H12: LT Gross | I12: =SUM('Trading History'!$U$4:$U998) | K12: Gross | L12: =SUM('Trading History'!$AA$4:$AA998)
K13: Dividends | L13: =SUMIF('Trading History'!$B27:$B998,"DIV",'Trading History'!$AC$4:$AC998)
A15: 0.5 | B15: Units | C15: =SUMIFS('Trading History'!$N$4:$N998, 'Trading History'!$K$4:$K998, _xludf.CONCAT(">", $A15)) | E15: ST Units | F15: =IFERROR(SUMIFS('Trading History'!$R$4:$R998, 'Trading History'!$O$4:$O998, _xludf.CONCAT(">", $A15)), 0) | H15: LT Units | I15: =SUMIFS('Trading History'!$V$4:$V998, 'Trading History'!$S$4:$S998, _xludf.CONCAT(">", $A15)) | K15: Units | L15: =SUMIFS('Trading History'!$AB$4:$AB998, 'Trading History'!$Y$4:$Y998, _xludf.CONCAT(">", $A15))
B16: Avg % | C16: =IFERROR(Index!C17/(Index!C15*Index!$C$2), 0) | E16: ST Avg % | F16: =IFERROR(Index!F17/(Index!F15*Index!$C$2), 0) | H16: LT Avg % | I16: =IFERROR(Index!I17/(Index!I15*Index!$C$2), 0) | K16: Avg % | L16: =IFERROR(Index!L17/(Index!L15*Index!$C$2), 0)
B17: Gain | C17: =SUMIFS('Trading History'!$L$4:$L998, 'Trading History'!$K$4:$K998, _xludf.CONCAT(">", $A15)) | E17: ST Gain | F17: =SUMIFS('Trading History'!$P$4:$P998, 'Trading History'!$O$4:$O998, _xludf.CONCAT(">", $A15)) | H17: LT Gain | I17: =SUMIFS('Trading History'!$T$4:$T998, 'Trading History'!$S$4:$S998, _xludf.CONCAT(">", $A15)) | K17: Gain | L17: =SUMIFS('Trading History'!$Z$4:$Z998, 'Trading History'!$Y$4:$Y998, _xludf.CONCAT(">", $A15))
B18: Invested | C18: =Index!C19-Index!C17 | E18: ST Invested | F18: =Index!F19-Index!F17 | H18: LT Invested | I18: =Index!I19-Index!I17 | K18: Invested | L18: =Index!L19-Index!L17
B19: Gross | C19: =SUMIFS('Trading History'!$M$4:$M998, 'Trading History'!$K$4:$K998, _xludf.CONCAT(">", $A15)) | E19: ST Gross | F19: =SUMIFS('Trading History'!$Q$4:$Q998, 'Trading History'!$O$4:$O998, _xludf.CONCAT(">", $A15)) | H19: LT Gross | I19: =SUMIFS('Trading History'!$U$4:$U998, 'Trading History'!$S$4:$S998, _xludf.CONCAT(">", $A15)) | K19: Gross | L19: =SUMIFS('Trading History'!$AA$4:$AA998, 'Trading History'!$Y$4:$Y998, _xludf.CONCAT(">", $A15))
A22: 0.45 | B22: Units | C22: =SUMIFS('Trading History'!$N$4:$N998, 'Trading History'!$K$4:$K998, _xludf.CONCAT(">", $A22)) | E22: ST Units | F22: =IFERROR(SUMIFS('Trading History'!$R$4:$R998, 'Trading History'!$O$4:$O998, _xludf.CONCAT(">", $A22)), 0) | H22: LT Units | I22: =SUMIFS('Trading History'!$V$4:$V998, 'Trading History'!$S$4:$S998, _xludf.CONCAT(">", $A22)) | K22: Units | L22: =SUMIFS('Trading History'!$AB$4:$AB998, 'Trading History'!$Y$4:$Y998, _xludf.CONCAT(">", $A22))
B23: Avg % | C23: =IFERROR(Index!C24/(Index!C22*Index!$C$2), 0) | E23: ST Avg % | F23: =IFERROR(Index!F24/(Index!F22*Index!$C$2), 0) | H23: LT Avg % | I23: =IFERROR(Index!I24/(Index!I22*Index!$C$2), 0) | K23: Avg % | L23: =IFERROR(Index!L24/(Index!L22*Index!$C$2), 0)
B24: Gain | C24: =SUMIFS('Trading History'!$L$4:$L998, 'Trading History'!$K$4:$K998, _xludf.CONCAT(">", $A22)) | E24: ST Gain | F24: =SUMIFS('Trading History'!$P$4:$P998, 'Trading History'!$O$4:$O998, _xludf.CONCAT(">", $A22)) | H24: LT Gain | I24: =SUMIFS('Trading History'!$T$4:$T998, 'Trading History'!$S$4:$S998, _xludf.CONCAT(">", $A22)) | K24: Gain | L24: =SUMIFS('Trading History'!$Z$4:$Z998, 'Trading History'!$Y$4:$Y998, _xludf.CONCAT(">", $A22))
B25: Invested | C25: =Index!C26-Index!C24 | E25: ST Invested | F25: =Index!F26-Index!F24 | H25: LT Invested | I25: =Index!I26-Index!I24 | K25: Invested | L25: =Index!L26-Index!L24
B26: Gross | C26: =SUMIFS('Trading History'!$M$4:$M998, 'Trading History'!$K$4:$K998, _xludf.CONCAT(">", $A22)) | E26: ST Gross | F26: =SUMIFS('Trading History'!$Q$4:$Q998, 'Trading History'!$O$4:$O998, _xludf.CONCAT(">", $A22)) | H26: LT Gross | I26: =SUMIFS('Trading History'!$U$4:$U998, 'Trading History'!$S$4:$S998, _xludf.CONCAT(">", $A22)) | K26: Gross | L26: =SUMIFS('Trading History'!$AA$4:$AA998, 'Trading History'!$Y$4:$Y998, _xludf.CONCAT(">", $A22))
A29: 0.4 | B29: Units | C29: =SUMIFS('Trading History'!$N$4:$N998, 'Trading History'!$K$4:$K998, _xludf.CONCAT(">", $A29)) | E29: ST Units | F29: =IFERROR(SUMIFS('Trading History'!$R$4:$R998, 'Trading History'!$O$4:$O998, _xludf.CONCAT(">", $A29)), 0) | H29: LT Units | I29: =SUMIFS('Trading History'!$V$4:$V998, 'Trading History'!$S$4:$S998, _xludf.CONCAT(">", $A29)) | K29: Units | L29: =SUMIFS('Trading History'!$AB$4:$AB998, 'Trading History'!$Y$4:$Y998, _xludf.CONCAT(">", $A29))
B30: Avg % | C30: =IFERROR(Index!C31/(Index!C29*Index!$C$2), 0) | E30: ST Avg % | F30: =IFERROR(Index!F31/(Index!F29*Index!$C$2), 0) | H30: LT Avg % | I30: =IFERROR(Index!I31/(Index!I29*Index!$C$2), 0) | K30: Avg % | L30: =IFERROR(Index!L31/(Index!L29*Index!$C$2), 0)
B31: Gain | C31: =SUMIFS('Trading History'!$L$4:$L998, 'Trading History'!$K$4:$K998, _xludf.CONCAT(">", $A29)) | E31: ST Gain | F31: =SUMIFS('Trading History'!$P$4:$P998, 'Trading History'!$O$4:$O998, _xludf.CONCAT(">", $A29)) | H31: LT Gain | I31: =SUMIFS('Trading History'!$T$4:$T998, 'Trading History'!$S$4:$S998, _xludf.CONCAT(">", $A29)) | K31: Gain | L31: =SUMIFS('Trading History'!$Z$4:$Z998, 'Trading History'!$Y$4:$Y998, _xludf.CONCAT(">", $A29))
B32: Invested | C32: =Index!C33-Index!C31 | E32: ST Invested | F32: =Index!F33-Index!F31 | H32: LT Invested | I32: =Index!I33-Index!I31 | K32: Invested | L32: =Index!L33-Index!L31
B33: Gross | C33: =SUMIFS('Trading History'!$M$4:$M998, 'Trading History'!$K$4:$K998, _xludf.CONCAT(">", $A29)) | E33: ST Gross | F33: =SUMIFS('Trading History'!$Q$4:$Q998, 'Trading History'!$O$4:$O998, _xludf.CONCAT(">", $A29)) | H33: LT Gross | I33: =SUMIFS('Trading History'!$U$4:$U998, 'Trading History'!$S$4:$S998, _xludf.CONCAT(">", $A29)) | K33: Gross | L33: =SUMIFS('Trading History'!$AA$4:$AA998, 'Trading History'!$Y$4:$Y998, _xludf.CONCAT(">", $A29))
A36: 0.35 | B36: Units | C36: =SUMIFS('Trading History'!$N$4:$N998, 'Trading History'!$K$4:$K998, _xludf.CONCAT(">", $A36)) | E36: ST Units | F36: =IFERROR(SUMIFS('Trading History'!$R$4:$R998, 'Trading History'!$O$4:$O998, _xludf.CONCAT(">", $A36)), 0) | H36: LT Units | I36: =SUMIFS('Trading History'!$V$4:$V998, 'Trading History'!$S$4:$S998, _xludf.CONCAT(">", $A36)) | K36: Units | L36: =SUMIFS('Trading History'!$AB$4:$AB998, 'Trading History'!$Y$4:$Y998, _xludf.CONCAT(">", $A36))
B37: Avg % | C37: =IFERROR(Index!C38/(Index!C36*Index!$C$2), 0) | E37: ST Avg % | F37: =IFERROR(Index!F38/(Index!F36*Index!$C$2), 0) | H37: LT Avg % | I37: =IFERROR(Index!I38/(Index!I36*Index!$C$2), 0) | K37: Avg % | L37: =IFERROR(Index!L38/(Index!L36*Index!$C$2), 0)
B38: Gain | C38: =SUMIFS('Trading History'!$L$4:$L998, 'Trading History'!$K$4:$K998, _xludf.CONCAT(">", $A36)) | E38: ST Gain | F38: =SUMIFS('Trading History'!$P$4:$P998, 'Trading History'!$O$4:$O998, _xludf.CONCAT(">", $A36)) | H38: LT Gain | I38: =SUMIFS('Trading History'!$T$4:$T998, 'Trading History'!$S$4:$S998, _xludf.CONCAT(">", $A36)) | K38: Gain | L38: =SUMIFS('Trading History'!$Z$4:$Z998, 'Trading History'!$Y$4:$Y998, _xludf.CONCAT(">", $A36))
B39: Invested | C39: =Index!C40-Index!C38 | E39: ST Invested | F39: =Index!F40-Index!F38 | H39: LT Invested | I39: =Index!I40-Index!I38 | K39: Invested | L39: =Index!L40-Index!L38
B40: Gross | C40: =SUMIFS('Trading History'!$M$4:$M998, 'Trading History'!$K$4:$K998, _xludf.CONCAT(">", $A36)) | E40: ST Gross | F40: =SUMIFS('Trading History'!$Q$4:$Q998, 'Trading History'!$O$4:$O998, _xludf.CONCAT(">", $A36)) | H40: LT Gross | I40: =SUMIFS('Trading History'!$U$4:$U998, 'Trading History'!$S$4:$S998, _xludf.CONCAT(">", $A36)) | K40: Gross | L40: =SUMIFS('Trading History'!$AA$4:$AA998, 'Trading History'!$Y$4:$Y998, _xludf.CONCAT(">", $A36))
A43: 0.3 | B43: Units | C43: =SUMIFS('Trading History'!$N$4:$N998, 'Trading History'!$K$4:$K998, _xludf.CONCAT(">", $A43)) | E43: ST Units | F43: =IFERROR(SUMIFS('Trading History'!$R$4:$R998, 'Trading History'!$O$4:$O998, _xludf.CONCAT(">", $A43)), 0) | H43: LT Units | I43: =SUMIFS('Trading History'!$V$4:$V998, 'Trading History'!$S$4:$S998, _xludf.CONCAT(">", $A43)) | K43: Units | L43: =SUMIFS('Trading History'!$AB$4:$AB998, 'Trading History'!$Y$4:$Y998, _xludf.CONCAT(">", $A43))
B44: Avg % | C44: =IFERROR(Index!C45/(Index!C43*Index!$C$2), 0) | E44: ST Avg % | F44: =IFERROR(Index!F45/(Index!F43*Index!$C$2), 0) | H44: LT Avg % | I44: =IFERROR(Index!I45/(Index!I43*Index!$C$2), 0) | K44: Avg % | L44: =IFERROR(Index!L45/(Index!L43*Index!$C$2), 0)
B45: Gain | C45: =SUMIFS('Trading History'!$L$4:$L998, 'Trading History'!$K$4:$K998, _xludf.CONCAT(">", $A43)) | E45: ST Gain | F45: =SUMIFS('Trading History'!$P$4:$P998, 'Trading History'!$O$4:$O998, _xludf.CONCAT(">", $A43)) | H45: LT Gain | I45: =SUMIFS('Trading History'!$T$4:$T998, 'Trading History'!$S$4:$S998, _xludf.CONCAT(">", $A43)) | K45: Gain | L45: =SUMIFS('Trading History'!$Z$4:$Z998, 'Trading History'!$Y$4:$Y998, _xludf.CONCAT(">", $A43))
B46: Invested | C46: =Index!C47-Index!C45 | E46: ST Invested | F46: =Index!F47-Index!F45 | H46: LT Invested | I46: =Index!I47-Index!I45 | K46: Invested | L46: =Index!L47-Index!L45
B47: Gross | C47: =SUMIFS('Trading History'!$M$4:$M998, 'Trading History'!$K$4:$K998, _xludf.CONCAT(">", $A43)) | E47: ST Gross | F47: =SUMIFS('Trading History'!$Q$4:$Q998, 'Trading History'!$O$4:$O998, _xludf.CONCAT(">", $A43)) | H47: LT Gross | I47: =SUMIFS('Trading History'!$U$4:$U998, 'Trading History'!$S$4:$S998, _xludf.CONCAT(">", $A43)) | K47: Gross | L47: =SUMIFS('Trading History'!$AA$4:$AA998, 'Trading History'!$Y$4:$Y998, _xludf.CONCAT(">", $A43))
A50: 0.25 | B50: Units | C50: =SUMIFS('Trading History'!$N$4:$N998, 'Trading History'!$K$4:$K998, _xludf.CONCAT(">", $A50)) | E50: ST Units | F50: =IFERROR(SUMIFS('Trading History'!$R$4:$R998, 'Trading History'!$O$4:$O998, _xludf.CONCAT(">", $A50)), 0) | H50: LT Units | I50: =SUMIFS('Trading History'!$V$4:$V998, 'Trading History'!$S$4:$S998, _xludf.CONCAT(">", $A50)) | K50: Units | L50: =SUMIFS('Trading History'!$AB$4:$AB998, 'Trading History'!$Y$4:$Y998, _xludf.CONCAT(">", $A50))
B51: Avg % | C51: =IFERROR(Index!C52/(Index!C50*Index!$C$2), 0) | E51: ST Avg % | F51: =IFERROR(Index!F52/(Index!F50*Index!$C$2), 0) | H51: LT Avg % | I51: =IFERROR(Index!I52/(Index!I50*Index!$C$2), 0) | K51: Avg % | L51: =IFERROR(Index!L52/(Index!L50*Index!$C$2), 0)
B52: Gain | C52: =SUMIFS('Trading History'!$L$4:$L998, 'Trading History'!$K$4:$K998, _xludf.CONCAT(">", $A50)) | E52: ST Gain | F52: =SUMIFS('Trading History'!$P$4:$P998, 'Trading History'!$O$4:$O998, _xludf.CONCAT(">", $A50)) | H52: LT Gain | I52: =SUMIFS('Trading History'!$T$4:$T998, 'Trading History'!$S$4:$S998, _xludf.CONCAT(">", $A50)) | K52: Gain | L52: =SUMIFS('Trading History'!$Z$4:$Z998, 'Trading History'!$Y$4:$Y998, _xludf.CONCAT(">", $A50))
B53: Invested | C53: =Index!C54-Index!C52 | E53: ST Invested | F53: =Index!F54-Index!F52 | H53: LT Invested | I53: =Index!I54-Index!I52 | K53: Invested | L53: =Index!L54-Index!L52
B54: Gross | C54: =SUMIFS('Trading History'!$M$4:$M998, 'Trading History'!$K$4:$K998, _xludf.CONCAT(">", $A50)) | E54: ST Gross | F54: =SUMIFS('Trading History'!$Q$4:$Q998, 'Trading History'!$O$4:$O998, _xludf.CONCAT(">", $A50)) | H54: LT Gross | I54: =SUMIFS('Trading History'!$U$4:$U998, 'Trading History'!$S$4:$S998, _xludf.CONCAT(">", $A50)) | K54: Gross | L54: =SUMIFS('Trading History'!$AA$4:$AA998, 'Trading History'!$Y$4:$Y998, _xludf.CONCAT(">", $A50))
A57: 0.2 | B57: Units | C57: =SUMIFS('Trading History'!$N$4:$N998, 'Trading History'!$K$4:$K998, _xludf.CONCAT(">", $A57)) | E57: ST Units | F57: =IFERROR(SUMIFS('Trading History'!$R$4:$R998, 'Trading History'!$O$4:$O998, _xludf.CONCAT(">", $A57)), 0) | H57: LT Units | I57: =SUMIFS('Trading History'!$V$4:$V998, 'Trading History'!$S$4:$S998, _xludf.CONCAT(">", $A57)) | K57: Units | L57: =SUMIFS('Trading History'!$AB$4:$AB998, 'Trading History'!$Y$4:$Y998, _xludf.CONCAT(">", $A57))
B58: Avg % | C58: =IFERROR(Index!C59/(Index!C57*Index!$C$2), 0) | E58: ST Avg % | F58: =IFERROR(Index!F59/(Index!F57*Index!$C$2), 0) | H58: LT Avg % | I58: =IFERROR(Index!I59/(Index!I57*Index!$C$2), 0) | K58: Avg % | L58: =IFERROR(Index!L59/(Index!L57*Index!$C$2), 0)
B59: Gain | C59: =SUMIFS('Trading History'!$L$4:$L998, 'Trading History'!$K$4:$K998, _xludf.CONCAT(">", $A57)) | E59: ST Gain | F59: =SUMIFS('Trading History'!$P$4:$P998, 'Trading History'!$O$4:$O998, _xludf.CONCAT(">", $A57)) | H59: LT Gain | I59: =SUMIFS('Trading History'!$T$4:$T998, 'Trading History'!$S$4:$S998, _xludf.CONCAT(">", $A57)) | K59: Gain | L59: =SUMIFS('Trading History'!$Z$4:$Z998, 'Trading History'!$Y$4:$Y998, _xludf.CONCAT(">", $A57))
B60: Invested | C60: =Index!C61-Index!C59 | E60: ST Invested | F60: =Index!F61-Index!F59 | H60: LT Invested | I60: =Index!I61-Index!I59 | K60: Invested | L60: =Index!L61-Index!L59
B61: Gross | C61: =SUMIFS('Trading History'!$M$4:$M998, 'Trading History'!$K$4:$K998, _xludf.CONCAT(">", $A57)) | E61: ST Gross | F61: =SUMIFS('Trading History'!$Q$4:$Q998, 'Trading History'!$O$4:$O998, _xludf.CONCAT(">", $A57)) | H61: LT Gross | I61: =SUMIFS('Trading History'!$U$4:$U998, 'Trading History'!$S$4:$S998, _xludf.CONCAT(">", $A57)) | K61: Gross | L61: =SUMIFS('Trading History'!$AA$4:$AA998, 'Trading History'!$Y$4:$Y998, _xludf.CONCAT(">", $A57))
A64: 0.15 | B64: Units | C64: =SUMIFS('Trading History'!$N$4:$N998, 'Trading History'!$K$4:$K998, _xludf.CONCAT(">", $A64)) | E64: ST Units | F64: =IFERROR(SUMIFS('Trading History'!$R$4:$R998, 'Trading History'!$O$4:$O998, _xludf.CONCAT(">", $A64)), 0) | H64: LT Units | I64: =SUMIFS('Trading History'!$V$4:$V998, 'Trading History'!$S$4:$S998, _xludf.CONCAT(">", $A64)) | K64: Units | L64: =SUMIFS('Trading History'!$AB$4:$AB998, 'Trading History'!$Y$4:$Y998, _xludf.CONCAT(">", $A64))
B65: Avg % | C65: =IFERROR(Index!C66/(Index!C64*Index!$C$2), 0) | E65: ST Avg % | F65: =IFERROR(Index!F66/(Index!F64*Index!$C$2), 0) | H65: LT Avg % | I65: =IFERROR(Index!I66/(Index!I64*Index!$C$2), 0) | K65: Avg % | L65: =IFERROR(Index!L66/(Index!L64*Index!$C$2), 0)
B66: Gain | C66: =SUMIFS('Trading History'!$L$4:$L998, 'Trading History'!$K$4:$K998, _xludf.CONCAT(">", $A64)) | E66: ST Gain | F66: =SUMIFS('Trading History'!$P$4:$P998, 'Trading History'!$O$4:$O998, _xludf.CONCAT(">", $A64)) | H66: LT Gain | I66: =SUMIFS('Trading History'!$T$4:$T998, 'Trading History'!$S$4:$S998, _xludf.CONCAT(">", $A64)) | K66: Gain | L66: =SUMIFS('Trading History'!$Z$4:$Z998, 'Trading History'!$Y$4:$Y998, _xludf.CONCAT(">", $A64))
B67: Invested | C67: =Index!C68-Index!C66 | E67: ST Invested | F67: =Index!F68-Index!F66 | H67: LT Invested | I67: =Index!I68-Index!I66 | K67: Invested | L67: =Index!L68-Index!L66
B68: Gross | C68: =SUMIFS('Trading History'!$M$4:$M998, 'Trading History'!$K$4:$K998, _xludf.CONCAT(">", $A64)) | E68: ST Gross | F68: =SUMIFS('Trading History'!$Q$4:$Q998, 'Trading History'!$O$4:$O998, _xludf.CONCAT(">", $A64)) | H68: LT Gross | I68: =SUMIFS('Trading History'!$U$4:$U998, 'Trading History'!$S$4:$S998, _xludf.CONCAT(">", $A64)) | K68: Gross | L68: =SUMIFS('Trading History'!$AA$4:$AA998, 'Trading History'!$Y$4:$Y998, _xludf.CONCAT(">", $A64))
A71: 0.1 | B71: Units | C71: =SUMIFS('Trading History'!$N$4:$N998, 'Trading History'!$K$4:$K998, _xludf.CONCAT(">", $A71)) | E71: ST Units | F71: =IFERROR(SUMIFS('Trading History'!$R$4:$R998, 'Trading History'!$O$4:$O998, _xludf.CONCAT(">", $A71)), 0) | H71: LT Units | I71: =SUMIFS('Trading History'!$V$4:$V998, 'Trading History'!$S$4:$S998, _xludf.CONCAT(">", $A71)) | K71: Units | L71: =SUMIFS('Trading History'!$AB$4:$AB998, 'Trading History'!$Y$4:$Y998, _xludf.CONCAT(">", $A71))
B72: Avg % | C72: =IFERROR(Index!C73/(Index!C71*Index!$C$2), 0) | E72: ST Avg % | F72: =IFERROR(Index!F73/(Index!F71*Index!$C$2), 0) | H72: LT Avg % | I72: =IFERROR(Index!I73/(Index!I71*Index!$C$2), 0) | K72: Avg % | L72: =IFERROR(Index!L73/(Index!L71*Index!$C$2), 0)
B73: Gain | C73: =SUMIFS('Trading History'!$L$4:$L998, 'Trading History'!$K$4:$K998, _xludf.CONCAT(">", $A71)) | E73: ST Gain | F73: =SUMIFS('Trading History'!$P$4:$P998, 'Trading History'!$O$4:$O998, _xludf.CONCAT(">", $A71)) | H73: LT Gain | I73: =SUMIFS('Trading History'!$T$4:$T998, 'Trading History'!$S$4:$S998, _xludf.CONCAT(">", $A71)) | K73: Gain | L73: =SUMIFS('Trading History'!$Z$4:$Z998, 'Trading History'!$Y$4:$Y998, _xludf.CONCAT(">", $A71))
B74: Invested | C74: =Index!C75-Index!C73 | E74: ST Invested | F74: =Index!F75-Index!F73 | H74: LT Invested | I74: =Index!I75-Index!I73 | K74: Invested | L74: =Index!L75-Index!L73
B75: Gross | C75: =SUMIFS('Trading History'!$M$4:$M998, 'Trading History'!$K$4:$K998, _xludf.CONCAT(">", $A71)) | E75: ST Gross | F75: =SUMIFS('Trading History'!$Q$4:$Q998, 'Trading History'!$O$4:$O998, _xludf.CONCAT(">", $A71)) | H75: LT Gross | I75: =SUMIFS('Trading History'!$U$4:$U998, 'Trading History'!$S$4:$S998, _xludf.CONCAT(">", $A71)) | K75: Gross | L75: =SUMIFS('Trading History'!$AA$4:$AA998, 'Trading History'!$Y$4:$Y998, _xludf.CONCAT(">", $A71))
A78: 0.05 | B78: Units | C78: =SUMIFS('Trading History'!$N$4:$N998, 'Trading History'!$K$4:$K998, _xludf.CONCAT(">", $A78)) | E78: ST Units | F78: =IFERROR(SUMIFS('Trading History'!$R$4:$R998, 'Trading History'!$O$4:$O998, _xludf.CONCAT(">", $A78)), 0) | H78: LT Units | I78: =SUMIFS('Trading History'!$V$4:$V998, 'Trading History'!$S$4:$S998, _xludf.CONCAT(">", $A78)) | K78: Units | L78: =SUMIFS('Trading History'!$AB$4:$AB998, 'Trading History'!$Y$4:$Y998, _xludf.CONCAT(">", $A78))
B79: Avg % | C79: =IFERROR(Index!C80/(Index!C78*Index!$C$2), 0) | E79: ST Avg % | F79: =IFERROR(Index!F80/(Index!F78*Index!$C$2), 0) | H79: LT Avg % | I79: =IFERROR(Index!I80/(Index!I78*Index!$C$2), 0) | K79: Avg % | L79: =IFERROR(Index!L80/(Index!L78*Index!$C$2), 0)
B80: Gain | C80: =SUMIFS('Trading History'!$L$4:$L998, 'Trading History'!$K$4:$K998, _xludf.CONCAT(">", $A78)) | E80: ST Gain | F80: =SUMIFS('Trading History'!$P$4:$P998, 'Trading History'!$O$4:$O998, _xludf.CONCAT(">", $A78)) | H80: LT Gain | I80: =SUMIFS('Trading History'!$T$4:$T998, 'Trading History'!$S$4:$S998, _xludf.CONCAT(">", $A78)) | K80: Gain | L80: =SUMIFS('Trading History'!$Z$4:$Z998, 'Trading History'!$Y$4:$Y998, _xludf.CONCAT(">", $A78))
B81: Invested | C81: =Index!C82-Index!C80 | E81: ST Invested | F81: =Index!F82-Index!F80 | H81: LT Invested | I81: =Index!I82-Index!I80 | K81: Invested | L81: =Index!L82-Index!L80
B82: Gross | C82: =SUMIFS('Trading History'!$M$4:$M998, 'Trading History'!$K$4:$K998, _xludf.CONCAT(">", $A78)) | E82: ST Gross | F82: =SUMIFS('Trading History'!$Q$4:$Q998, 'Trading History'!$O$4:$O998, _xludf.CONCAT(">", $A78)) | H82: LT Gross | I82: =SUMIFS('Trading History'!$U$4:$U998, 'Trading History'!$S$4:$S998, _xludf.CONCAT(">", $A78)) | K82: Gross | L82: =SUMIFS('Trading History'!$AA$4:$AA998, 'Trading History'!$Y$4:$Y998, _xludf.CONCAT(">", $A78))
A85: 0 | B85: Units | C85: =SUMIFS('Trading History'!$N$4:$N998, 'Trading History'!$K$4:$K998, _xludf.CONCAT(">", $A85)) | E85: ST Units | F85: =IFERROR(SUMIFS('Trading History'!$R$4:$R998, 'Trading History'!$O$4:$O998, _xludf.CONCAT(">", $A85)), 0) | H85: LT Units | I85: =SUMIFS('Trading History'!$V$4:$V998, 'Trading History'!$S$4:$S998, _xludf.CONCAT(">", $A85)) | K85: Units | L85: =SUMIFS('Trading History'!$AB$4:$AB998, 'Trading History'!$Y$4:$Y998, _xludf.CONCAT(">", $A85))
B86: Avg % | C86: =IFERROR(Index!C87/(Index!C85*Index!$C$2), 0) | E86: ST Avg % | F86: =IFERROR(Index!F87/(Index!F85*Index!$C$2), 0) | H86: LT Avg % | I86: =IFERROR(Index!I87/(Index!I85*Index!$C$2), 0) | K86: Avg % | L86: =IFERROR(Index!L87/(Index!L85*Index!$C$2), 0)
B87: Gain | C87: =SUMIFS('Trading History'!$L$4:$L998, 'Trading History'!$K$4:$K998, _xludf.CONCAT(">", $A85)) | E87: ST Gain | F87: =SUMIFS('Trading History'!$P$4:$P998, 'Trading History'!$O$4:$O998, _xludf.CONCAT(">", $A85)) | H87: LT Gain | I87: =SUMIFS('Trading History'!$T$4:$T998, 'Trading History'!$S$4:$S998, _xludf.CONCAT(">", $A85)) | K87: Gain | L87: =SUMIFS('Trading History'!$Z$4:$Z998, 'Trading History'!$Y$4:$Y998, _xludf.CONCAT(">", $A85))
B88: Invested | C88: =Index!C89-Index!C87 | E88: ST Invested | F88: =Index!F89-Index!F87 | H88: LT Invested | I88: =Index!I89-Index!I87 | K88: Invested | L88: =Index!L89-Index!L87
B89: Gross | C89: =SUMIFS('Trading History'!$M$4:$M998, 'Trading History'!$K$4:$K998, _xludf.CONCAT(">", $A85)) | E89: ST Gross | F89: =SUMIFS('Trading History'!$Q$4:$Q998, 'Trading History'!$O$4:$O998, _xludf.CONCAT(">", $A85)) | H89: LT Gross | I89: =SUMIFS('Trading History'!$U$4:$U998, 'Trading History'!$S$4:$S998, _xludf.CONCAT(">", $A85)) | K89: Gross | L89: =SUMIFS('Trading History'!$AA$4:$AA998, 'Trading History'!$Y$4:$Y998, _xludf.CONCAT(">", $A85))
