Workbook

Sheet Index
B2: Current Price | C2: =IFERROR(__xludf.DUMMYFUNCTION("GOOGLEFINANCE(""NSE:WIPRO"", ""price"")"),229.9)
B4: UnRealised
B6: Gain | C6: =SUM('Trading History'!K4:K1001) | E6: ST Gain | F6: =SUM('Trading History'!P4:P1001) | H6: LT Gain | I6: =SUM('Trading History'!U4:U1001) | K6: Gain | L6: =SUM('Trading History'!AC4:AC1001)
B7: Units | C7: =SUM('Trading History'!M4:M1001) | E7: ST Units | F7: =SUM('Trading History'!R4:R1001) | H7: LT Units | I7: =SUM('Trading History'!W4:W1001) | K7: Units | L7: =SUM('Trading History'!AB4:AB1001)
B8: Gross | C8: =SUM('Trading History'!L4:L1001) | E8: ST Gross | F8: =SUM('Trading History'!Q4:Q1001) | H8: LT Gross | I8: =SUM('Trading History'!V4:V1001) | K8: Gross | L8: =SUM('Trading History'!AD4:AD1001)
B9: Avg % | C9: =Index!C6/(Index!C7*Index!$C$2) | E9: ST Avg % | F9: =Index!F6/(Index!F7*Index!$C$2) | H9: LT Avg % | I9: =IFERROR(Index!I6/(Index!I7*Index!$C$2), 0) | K9: Avg % | L9: =IFERROR(Index!L6/(Index!L7*AVERAGE('Trading History'!Z4:Z1001)),0)
B10: TPF | C10: =AVERAGE('Trading History'!N4:N1001) | E10: ST TPF | F10: =AVERAGE('Trading History'!S4:S1001) | H10: LT TPF | I10: =IFERROR(AVERAGE('Trading History'!X4:X1001), 0) | K10: TPF | L10: =IFERROR(AVERAGE('Trading History'!AE4:AE1001), 0)
B11: UPF | C11: =AVERAGE('Trading History'!O4:O1001) | E11: ST UPF | F11: =AVERAGE('Trading History'!T4:T1001) | H11: LT UPF | I11: =IFERROR(AVERAGE('Trading History'!Y4:Y1001), 0) | K11: Invested | L11: =Index!L8-Index!L6
B12: Invested | C12: =Index!C8-Index!C6 | E12: ST Invested | F12: =Index!F8-Index!F6 | H12: LT Invested | I12: =Index!I8-Index!I6 | K12: Dividends | L12: =SUMIF('Trading History'!B4:B1001,"DIV",'Trading History'!AF:AF)

Sheet Trading History
K2: UnRealised | Z2: Realised
K3: Total | P3: Short Term | U3: Long Term
A4: DATE | B4: EXCH | C4: ACTION | D4: QTY | E4: PRICE | F4: Current Price | G4: COST | H4: REMARKS | I4: STT | J4: ADD CHRG | K4: Gain | L4: Gross | M4: Units | N4: TPF | O4: UPF | P4: Gain | Q4: Gross | R4: Units | S4: TPF | T4: UPF | U4: Gain | V4: Gross | W4: Units | X4: TPF | Y4: UPF | Z4: Price | AA4: Date | AB4: Units | AC4: Gain | AD4: Gross | AE4: TPF | AF4: DIV | AG4: Broker
A5: 46065 | B5: BSE | C5: Sell | D5: 20 | E5: 700 | F5: 14000 | G5: ~
A6: 46065 | B6: NSE | C6: Sell | D6: 10 | E6: 700 | F6: 7000 | G6: ~
A7: 46065 | B7: BSE | C7: Sell | D7: 10 | E7: 700 | F7: 7000 | G7: ~
A8: 46065 | B8: BSE | C8: Sell | D8: 10 | E8: 700 | F8: 7000 | G8: ~
A9: 46065 | B9: BSE | C9: Sell | D9: 5 | E9: 700 | F9: 3500 | G9: ~
A10: 46065 | B10: BSE | C10: Sell | D10: 10 | E10: 700 | F10: 7000 | G10: ~
A11: 46065 | B11: NSE | C11: Sell | D11: 4 | E11: 700 | F11: 2800 | G11: ~
A12: 46065 | B12: NSE | C12: Sell | D12: 2 | E12: 700 | F12: 1400 | G12: ~
A13: 46065 | B13: NSE | C13: Sell | D13: 9 | E13: 700 | F13: 6300 | G13: ~
A14: 46065 | B14: NSE | C14: Sell | D14: 5 | E14: 700 | F14: 3500 | G14: ~
A15: 46065 | B15: NSE | C15: Sell | D15: 5 | E15: 700 | F15: 3500 | G15: ~
A16: 45225 | B16: NSE | C16: Buy | D16: 5 | E16: 377.752 | F16: =Index!$C$2 | G16: 1902.19 | H16: ~ | I16: 1.91 | J16: 11.53 | K16: =IF(AND(#REF!= "Buy", ISBLANK(#REF!),#REF!<> "DIV"), (#REF!*#REF!)-(#REF!*#REF!), "") | L16: =IF(AND(#REF!= "Buy", ISBLANK(#REF!),#REF!<> "DIV"),#REF! *#REF!, "") | M16: =IF(AND(#REF!= "Buy", ISBLANK(#REF!),#REF!<> "DIV"),#REF!, "") | N16: =IF(AND(#REF!<>"DIV",#REF!= "Buy", ISBLANK(#REF!)),#REF!/( NOW()-#REF!),"") | O16: =IF(AND(#REF!<>"DIV",#REF!= "Buy", ISBLANK(#REF!)),#REF! /#REF!,"") | P16: =IF(AND(#REF!= "Buy", ISBLANK(#REF!),#REF!<> "DIV", NOW()-#REF! < 365), (#REF!*#REF!)-(#REF!*#REF!), "") | Q16: =IF(AND(#REF!= "Buy", ISBLANK(#REF!),#REF!<> "DIV", NOW()-#REF! < 365),#REF! *#REF!, "") | R16: =IF(AND(#REF!= "Buy", ISBLANK(#REF!),#REF!<> "DIV", NOW()-#REF! < 365),#REF!, "") | S16: =IF(AND(#REF!<>"DIV",#REF!= "Buy", ISBLANK(#REF!), NOW()-#REF! < 365),#REF!/( NOW()-#REF!),"") | T16: =IF(AND(#REF!<>"DIV",#REF!= "Buy", ISBLANK(#REF!), NOW()-#REF! < 365),#REF! /#REF!,"") | U16: =IF(AND(#REF!= "Buy", ISBLANK(#REF!),#REF!<> "DIV", NOW()-#REF! > 365), (#REF!*#REF!)-(#REF!*#REF!), "") | V16: =IF(AND(#REF!= "Buy", ISBLANK(#REF!),#REF!<> "DIV", NOW()-#REF! > 365),#REF! *#REF!, "") | W16: =IF(AND(#REF!= "Buy", ISBLANK(#REF!),#REF!<> "DIV", NOW()-#REF! > 365),#REF!, "") | X16: =IF(AND(#REF!<>"DIV",#REF!= "Buy", ISBLANK(#REF!), NOW()-#REF! > 365),#REF!/( NOW()-#REF!),"") | Y16: =IF(AND(#REF!<>"DIV",#REF!= "Buy", ISBLANK(#REF!), NOW()-#REF! > 365),#REF! /#REF!,"") | Z16: 700 | AA16: 46065 | AB16: 5 | AC16: 1588.68 | AF16: =IF(#REF!="DIV",#REF!, "") | AG16: SBI Securities
A17: 45181 | B17: NSE | C17: Buy | D17: 5 | E17: 431.702 | F17: =Index!$C$2 | G17: 2173.79 | H17: ~ | I17: 2.16 | J17: 13.13 | K17: =IF(AND(#REF!= "Buy", ISBLANK(#REF!),#REF!<> "DIV"), (#REF!*#REF!)-(#REF!*#REF!), "") | L17: =IF(AND(#REF!= "Buy", ISBLANK(#REF!),#REF!<> "DIV"),#REF! *#REF!, "") | M17: =IF(AND(#REF!= "Buy", ISBLANK(#REF!),#REF!<> "DIV"),#REF!, "") | N17: =IF(AND(#REF!<>"DIV",#REF!= "Buy", ISBLANK(#REF!)),#REF!/( NOW()-#REF!),"") | O17: =IF(AND(#REF!<>"DIV",#REF!= "Buy", ISBLANK(#REF!)),#REF! /#REF!,"") | P17: =IF(AND(#REF!= "Buy", ISBLANK(#REF!),#REF!<> "DIV", NOW()-#REF! < 365), (#REF!*#REF!)-(#REF!*#REF!), "") | Q17: =IF(AND(#REF!= "Buy", ISBLANK(#REF!),#REF!<> "DIV", NOW()-#REF! < 365),#REF! *#REF!, "") | R17: =IF(AND(#REF!= "Buy", ISBLANK(#REF!),#REF!<> "DIV", NOW()-#REF! < 365),#REF!, "") | S17: =IF(AND(#REF!<>"DIV",#REF!= "Buy", ISBLANK(#REF!), NOW()-#REF! < 365),#REF!/( NOW()-#REF!),"") | T17: =IF(AND(#REF!<>"DIV",#REF!= "Buy", ISBLANK(#REF!), NOW()-#REF! < 365),#REF! /#REF!,"") | U17: =IF(AND(#REF!= "Buy", ISBLANK(#REF!),#REF!<> "DIV", NOW()-#REF! > 365), (#REF!*#REF!)-(#REF!*#REF!), "") | V17: =IF(AND(#REF!= "Buy", ISBLANK(#REF!),#REF!<> "DIV", NOW()-#REF! > 365),#REF! *#REF!, "") | W17: =IF(AND(#REF!= "Buy", ISBLANK(#REF!),#REF!<> "DIV", NOW()-#REF! > 365),#REF!, "") | X17: =IF(AND(#REF!<>"DIV",#REF!= "Buy", ISBLANK(#REF!), NOW()-#REF! > 365),#REF!/( NOW()-#REF!),"") | Y17: =IF(AND(#REF!<>"DIV",#REF!= "Buy", ISBLANK(#REF!), NOW()-#REF! > 365),#REF! /#REF!,"") | Z17: 700 | AA17: 46065 | AB17: 5 | AC17: 1322.71 | AF17: =IF(#REF!="DIV",#REF!, "") | AG17: SBI Securities
A18: 45162 | B18: NSE | C18: Buy | D18: 9 | E18: 418.19889 | F18: =Index!$C$2 | G18: 3790.45 | H18: ~ | I18: 3.73 | J18: 22.92 | K18: =IF(AND( C5="Buy", ISBLANK(Z5), B5<>"DIV"), (F5*D5)-(E5*D5), "") | L18: =IF(AND( C5="Buy", ISBLANK(Z5), B5<>"DIV"), F5*D5, "") | M18: =IF(AND( C5="Buy", ISBLANK(Z5), B5<>"DIV"), D5, "") | N18: =IF(AND(B5<>"DIV", C5="Buy", ISBLANK(Z5)), K5/(NOW()-A5),"") | O18: =IF(AND(B5<>"DIV", C5="Buy", ISBLANK(Z5)), K5/D5,"") | P18: =IF(AND( C5="Buy", ISBLANK(Z5), B5<>"DIV", NOW()-A5 < 365), (F5*D5)-(E5*D5), "") | Q18: =IF(AND( C5="Buy", ISBLANK(Z5), B5<>"DIV", NOW()-A5 < 365), F5*D5, "") | R18: =IF(AND( C5="Buy", ISBLANK(Z5), B5<>"DIV", NOW()-A5 < 365), D5, "") | S18: =IF(AND(B5<>"DIV", C5="Buy", ISBLANK(Z5), NOW()-A5 < 365), K5/(NOW()-A5),"") | T18: =IF(AND(B5<>"DIV", C5="Buy", ISBLANK(Z5), NOW()-A5 < 365), K5/D5,"") | U18: =IF(AND( C5="Buy", ISBLANK(Z5), B5<>"DIV", NOW()-A5 > 365), (F5*D5)-(E5*D5), "") | V18: =IF(AND( C5="Buy", ISBLANK(Z5), B5<>"DIV", NOW()-A5 > 365), F5*D5, "") | W18: =IF(AND( C5="Buy", ISBLANK(Z5), B5<>"DIV", NOW()-A5 > 365), D5, "") | X18: =IF(AND(B5<>"DIV", C5="Buy", ISBLANK(Z5), NOW()-A5 > 365), K5/(NOW()-A5),"") | Y18: =IF(AND(B5<>"DIV", C5="Buy", ISBLANK(Z5), NOW()-A5 > 365), K5/D5,"") | Z18: 700 | AA18: 46065 | AB18: 9 | AC18: 2500.7 | AF18: =IF(B5="DIV", G5,"") | AG18: SBI Securities
A19: 45131 | B19: NSE | C19: Buy | D19: 2 | E19: 406.995 | F19: =Index!$C$2 | G19: 819.77 | H19: ~ | I19: 0.81 | J19: 4.96 | K19: =IF(AND( C6="Buy", ISBLANK(Z6), B6<>"DIV"), (F6*D6)-(E6*D6), "") | L19: =IF(AND( C6="Buy", ISBLANK(Z6), B6<>"DIV"), F6*D6, "") | M19: =IF(AND( C6="Buy", ISBLANK(Z6), B6<>"DIV"), D6, "") | N19: =IF(AND(B6<>"DIV", C6="Buy", ISBLANK(Z6)), K6/(NOW()-A6),"") | O19: =IF(AND(B6<>"DIV", C6="Buy", ISBLANK(Z6)), K6/D6,"") | P19: =IF(AND( C6="Buy", ISBLANK(Z6), B6<>"DIV", NOW()-A6 < 365), (F6*D6)-(E6*D6), "") | Q19: =IF(AND( C6="Buy", ISBLANK(Z6), B6<>"DIV", NOW()-A6 < 365), F6*D6, "") | R19: =IF(AND( C6="Buy", ISBLANK(Z6), B6<>"DIV", NOW()-A6 < 365), D6, "") | S19: =IF(AND(B6<>"DIV", C6="Buy", ISBLANK(Z6), NOW()-A6 < 365), K6/(NOW()-A6),"") | T19: =IF(AND(B6<>"DIV", C6="Buy", ISBLANK(Z6), NOW()-A6 < 365), K6/D6,"") | U19: =IF(AND( C6="Buy", ISBLANK(Z6), B6<>"DIV", NOW()-A6 > 365), (F6*D6)-(E6*D6), "") | V19: =IF(AND( C6="Buy", ISBLANK(Z6), B6<>"DIV", NOW()-A6 > 365), F6*D6, "") | W19: =IF(AND( C6="Buy", ISBLANK(Z6), B6<>"DIV", NOW()-A6 > 365), D6, "") | X19: =IF(AND(B6<>"DIV", C6="Buy", ISBLANK(Z6), NOW()-A6 > 365), K6/(NOW()-A6),"") | Y19: =IF(AND(B6<>"DIV", C6="Buy", ISBLANK(Z6), NOW()-A6 > 365), K6/D6,"") | Z19: 700 | AA19: 46065 | AB19: 2 | AC19: 577.81 | AF19: =IF(B6="DIV", G6,"") | AG19: SBI Securities
A20: 45131 | B20: NSE | C20: Buy | D20: 4 | E20: 407 | F20: =Index!$C$2 | G20: 1639.52 | H20: ~ | I20: 1.62 | J20: 9.9 | K20: =IF(AND( C7="Buy", ISBLANK(Z7), B7<>"DIV"), (F7*D7)-(E7*D7), "") | L20: =IF(AND( C7="Buy", ISBLANK(Z7), B7<>"DIV"), F7*D7, "") | M20: =IF(AND( C7="Buy", ISBLANK(Z7), B7<>"DIV"), D7, "") | N20: =IF(AND(B7<>"DIV", C7="Buy", ISBLANK(Z7)), K7/(NOW()-A7),"") | O20: =IF(AND(B7<>"DIV", C7="Buy", ISBLANK(Z7)), K7/D7,"") | P20: =IF(AND( C7="Buy", ISBLANK(Z7), B7<>"DIV", NOW()-A7 < 365), (F7*D7)-(E7*D7), "") | Q20: =IF(AND( C7="Buy", ISBLANK(Z7), B7<>"DIV", NOW()-A7 < 365), F7*D7, "") | R20: =IF(AND( C7="Buy", ISBLANK(Z7), B7<>"DIV", NOW()-A7 < 365), D7, "") | S20: =IF(AND(B7<>"DIV", C7="Buy", ISBLANK(Z7), NOW()-A7 < 365), K7/(NOW()-A7),"") | T20: =IF(AND(B7<>"DIV", C7="Buy", ISBLANK(Z7), NOW()-A7 < 365), K7/D7,"") | U20: =IF(AND( C7="Buy", ISBLANK(Z7), B7<>"DIV", NOW()-A7 > 365), (F7*D7)-(E7*D7), "") | V20: =IF(AND( C7="Buy", ISBLANK(Z7), B7<>"DIV", NOW()-A7 > 365), F7*D7, "") | W20: =IF(AND( C7="Buy", ISBLANK(Z7), B7<>"DIV", NOW()-A7 > 365), D7, "") | X20: =IF(AND(B7<>"DIV", C7="Buy", ISBLANK(Z7), NOW()-A7 > 365), K7/(NOW()-A7),"") | Y20: =IF(AND(B7<>"DIV", C7="Buy", ISBLANK(Z7), NOW()-A7 > 365), K7/D7,"") | Z20: 700 | AA20: 46065 | AB20: 1 | AC20: 288.9 | AF20: =IF(B7="DIV", G7,"") | AG20: SBI Securities
A21: 45034 | B21: BSE | C21: Buy | D21: 10 | E21: 364.403 | F21: =Index!$C$2 | G21: 3669.87 | H21: ~ | I21: 3.65 | J21: 22.22 | K21: =IF(AND( C8="Buy", ISBLANK(Z8), B8<>"DIV"), (F8*D8)-(E8*D8), "") | L21: =IF(AND( C8="Buy", ISBLANK(Z8), B8<>"DIV"), F8*D8, "") | M21: =IF(AND( C8="Buy", ISBLANK(Z8), B8<>"DIV"), D8, "") | N21: =IF(AND(B8<>"DIV", C8="Buy", ISBLANK(Z8)), K8/(NOW()-A8),"") | O21: =IF(AND(B8<>"DIV", C8="Buy", ISBLANK(Z8)), K8/D8,"") | P21: =IF(AND( C8="Buy", ISBLANK(Z8), B8<>"DIV", NOW()-A8 < 365), (F8*D8)-(E8*D8), "") | Q21: =IF(AND( C8="Buy", ISBLANK(Z8), B8<>"DIV", NOW()-A8 < 365), F8*D8, "") | R21: =IF(AND( C8="Buy", ISBLANK(Z8), B8<>"DIV", NOW()-A8 < 365), D8, "") | S21: =IF(AND(B8<>"DIV", C8="Buy", ISBLANK(Z8), NOW()-A8 < 365), K8/(NOW()-A8),"") | T21: =IF(AND(B8<>"DIV", C8="Buy", ISBLANK(Z8), NOW()-A8 < 365), K8/D8,"") | U21: =IF(AND( C8="Buy", ISBLANK(Z8), B8<>"DIV", NOW()-A8 > 365), (F8*D8)-(E8*D8), "") | V21: =IF(AND( C8="Buy", ISBLANK(Z8), B8<>"DIV", NOW()-A8 > 365), F8*D8, "") | W21: =IF(AND( C8="Buy", ISBLANK(Z8), B8<>"DIV", NOW()-A8 > 365), D8, "") | X21: =IF(AND(B8<>"DIV", C8="Buy", ISBLANK(Z8), NOW()-A8 > 365), K8/(NOW()-A8),"") | Y21: =IF(AND(B8<>"DIV", C8="Buy", ISBLANK(Z8), NOW()-A8 > 365), K8/D8,"") | Z21: 700 | AA21: 46065 | AB21: 5 | AC21: 1654.49 | AF21: =IF(B8="DIV", G8,"") | AG21: SBI Securities
A22: 44950 | B22: BSE | C22: Buy | D22: 5 | E22: 407.5 | F22: =Index!$C$2 | G22: 2051.95 | H22: ~ | I22: 2.03 | J22: 12.42 | K22: =IF(AND( C9="Buy", ISBLANK(Z9), B9<>"DIV"), (F9*D9)-(E9*D9), "") | L22: =IF(AND( C9="Buy", ISBLANK(Z9), B9<>"DIV"), F9*D9, "") | M22: =IF(AND( C9="Buy", ISBLANK(Z9), B9<>"DIV"), D9, "") | N22: =IF(AND(B9<>"DIV", C9="Buy", ISBLANK(Z9)), K9/(NOW()-A9),"") | O22: =IF(AND(B9<>"DIV", C9="Buy", ISBLANK(Z9)), K9/D9,"") | P22: =IF(AND( C9="Buy", ISBLANK(Z9), B9<>"DIV", NOW()-A9 < 365), (F9*D9)-(E9*D9), "") | Q22: =IF(AND( C9="Buy", ISBLANK(Z9), B9<>"DIV", NOW()-A9 < 365), F9*D9, "") | R22: =IF(AND( C9="Buy", ISBLANK(Z9), B9<>"DIV", NOW()-A9 < 365), D9, "") | S22: =IF(AND(B9<>"DIV", C9="Buy", ISBLANK(Z9), NOW()-A9 < 365), K9/(NOW()-A9),"") | T22: =IF(AND(B9<>"DIV", C9="Buy", ISBLANK(Z9), NOW()-A9 < 365), K9/D9,"") | U22: =IF(AND( C9="Buy", ISBLANK(Z9), B9<>"DIV", NOW()-A9 > 365), (F9*D9)-(E9*D9), "") | V22: =IF(AND( C9="Buy", ISBLANK(Z9), B9<>"DIV", NOW()-A9 > 365), F9*D9, "") | W22: =IF(AND( C9="Buy", ISBLANK(Z9), B9<>"DIV", NOW()-A9 > 365), D9, "") | X22: =IF(AND(B9<>"DIV", C9="Buy", ISBLANK(Z9), NOW()-A9 > 365), K9/(NOW()-A9),"") | Y22: =IF(AND(B9<>"DIV", C9="Buy", ISBLANK(Z9), NOW()-A9 > 365), K9/D9,"") | Z22: 700 | AA22: 46065 | AB22: 5 | AC22: 1442.03 | AF22: =IF(B9="DIV", G9,"") | AG22: SBI Securities
A23: 44950 | B23: DIV | C23: Buy | D23: 10 | E23: 1 | F23: =Index!$C$2 | G23: 10 | H23: Dividend of Rs.1.0000/- per share on 24-JAN-2023 | I23: 0 | J23: 0 | K23: =IF(AND( C10="Buy", ISBLANK(Z10), B10<>"DIV"), (F10*D10)-(E10*D10), "") | L23: =IF(AND( C10="Buy", ISBLANK(Z10), B10<>"DIV"), F10*D10, "") | M23: =IF(AND( C10="Buy", ISBLANK(Z10), B10<>"DIV"), D10, "") | N23: =IF(AND(B10<>"DIV", C10="Buy", ISBLANK(Z10)), K10/(NOW()-A10),"") | O23: =IF(AND(B10<>"DIV", C10="Buy", ISBLANK(Z10)), K10/D10,"") | P23: =IF(C10="DIV", H10,"") | Q23: =IF(D10="DIV", I10,"") | R23: =IF(E10="DIV", J10,"") | S23: =IF(F10="DIV", K10,"") | T23: =IF(G10="DIV", L10,"") | U23: =IF(H10="DIV", M10,"") | V23: =IF(I10="DIV", N10,"") | W23: =IF(J10="DIV", O10,"") | X23: =IF(K10="DIV", Z10,"") | Y23: =IF(L10="DIV", AA10,"") | AF23: =IF(B10="DIV", G10,"") | AG23: SBI Securities
A24: 44950 | B24: DIV | C24: Buy | D24: 40 | E24: 1 | F24: =Index!$C$2 | G24: 40 | H24: Dividend of Rs.1.0000/- per share on 24-JAN-2023 | I24: 0 | J24: 0 | K24: =IF(AND( C11="Buy", ISBLANK(Z11), B11<>"DIV"), (F11*D11)-(E11*D11), "") | L24: =IF(AND( C11="Buy", ISBLANK(Z11), B11<>"DIV"), F11*D11, "") | M24: =IF(AND( C11="Buy", ISBLANK(Z11), B11<>"DIV"), D11, "") | N24: =IF(AND(B11<>"DIV", C11="Buy", ISBLANK(Z11)), K11/(NOW()-A11),"") | O24: =IF(AND(B11<>"DIV", C11="Buy", ISBLANK(Z11)), K11/D11,"") | P24: =IF(C11="DIV", H11,"") | Q24: =IF(D11="DIV", I11,"") | R24: =IF(E11="DIV", J11,"") | S24: =IF(F11="DIV", K11,"") | T24: =IF(G11="DIV", L11,"") | U24: =IF(H11="DIV", M11,"") | V24: =IF(I11="DIV", N11,"") | W24: =IF(J11="DIV", O11,"") | X24: =IF(K11="DIV", Z11,"") | Y24: =IF(L11="DIV", AA11,"") | AF24: =IF(B11="DIV", G11,"") | AG24: SBI Securities
A25: 44911 | B25: BSE | C25: Buy | D25: 10 | E25: 393.554 | F25: =Index!$C$2 | G25: 3963.36 | H25: ~ | I25: 3.89 | J25: 23.97 | K25: =IF(AND( C12="Buy", ISBLANK(Z12), B12<>"DIV"), (F12*D12)-(E12*D12), "") | L25: =IF(AND( C12="Buy", ISBLANK(Z12), B12<>"DIV"), F12*D12, "") | M25: =IF(AND( C12="Buy", ISBLANK(Z12), B12<>"DIV"), D12, "") | N25: =IF(AND(B12<>"DIV", C12="Buy", ISBLANK(Z12)), K12/(NOW()-A12),"") | O25: =IF(AND(B12<>"DIV", C12="Buy", ISBLANK(Z12)), K12/D12,"") | P25: =IF(AND( C12="Buy", ISBLANK(Z12), B12<>"DIV", NOW()-A12 < 365), (F12*D12)-(E12*D12), "") | Q25: =IF(AND( C12="Buy", ISBLANK(Z12), B12<>"DIV", NOW()-A12 < 365), F12*D12, "") | R25: =IF(AND( C12="Buy", ISBLANK(Z12), B12<>"DIV", NOW()-A12 < 365), D12, "") | S25: =IF(AND(B12<>"DIV", C12="Buy", ISBLANK(Z12), NOW()-A12 < 365), K12/(NOW()-A12),"") | T25: =IF(AND(B12<>"DIV", C12="Buy", ISBLANK(Z12), NOW()-A12 < 365), K12/D12,"") | U25: =IF(AND( C12="Buy", ISBLANK(Z12), B12<>"DIV", NOW()-A12 > 365), (F12*D12)-(E12*D12), "") | V25: =IF(AND( C12="Buy", ISBLANK(Z12), B12<>"DIV", NOW()-A12 > 365), F12*D12, "") | W25: =IF(AND( C12="Buy", ISBLANK(Z12), B12<>"DIV", NOW()-A12 > 365), D12, "") | X25: =IF(AND(B12<>"DIV", C12="Buy", ISBLANK(Z12), NOW()-A12 > 365), K12/(NOW()-A12),"") | Y25: =IF(AND(B12<>"DIV", C12="Buy", ISBLANK(Z12), NOW()-A12 > 365), K12/D12,"") | Z25: 700 | AA25: 46065 | AB25: 10 | AC25: 3021.56 | AF25: =IF(B12="DIV", G12,"") | AG25: SBI Securities
A26: 44890 | B26: BSE | C26: Buy | D26: 10 | E26: 397.451 | F26: =Index!$C$2 | G26: 4002.69 | H26: ~ | I26: 3.99 | J26: 24.2 | K26: =IF(AND( C13="Buy", ISBLANK(Z13), B13<>"DIV"), (F13*D13)-(E13*D13), "") | L26: =IF(AND( C13="Buy", ISBLANK(Z13), B13<>"DIV"), F13*D13, "") | M26: =IF(AND( C13="Buy", ISBLANK(Z13), B13<>"DIV"), D13, "") | N26: =IF(AND(B13<>"DIV", C13="Buy", ISBLANK(Z13)), K13/(NOW()-A13),"") | O26: =IF(AND(B13<>"DIV", C13="Buy", ISBLANK(Z13)), K13/D13,"") | P26: =IF(AND( C13="Buy", ISBLANK(Z13), B13<>"DIV", NOW()-A13 < 365), (F13*D13)-(E13*D13), "") | Q26: =IF(AND( C13="Buy", ISBLANK(Z13), B13<>"DIV", NOW()-A13 < 365), F13*D13, "") | R26: =IF(AND( C13="Buy", ISBLANK(Z13), B13<>"DIV", NOW()-A13 < 365), D13, "") | S26: =IF(AND(B13<>"DIV", C13="Buy", ISBLANK(Z13), NOW()-A13 < 365), K13/(NOW()-A13),"") | T26: =IF(AND(B13<>"DIV", C13="Buy", ISBLANK(Z13), NOW()-A13 < 365), K13/D13,"") | U26: =IF(AND( C13="Buy", ISBLANK(Z13), B13<>"DIV", NOW()-A13 > 365), (F13*D13)-(E13*D13), "") | V26: =IF(AND( C13="Buy", ISBLANK(Z13), B13<>"DIV", NOW()-A13 > 365), F13*D13, "") | W26: =IF(AND( C13="Buy", ISBLANK(Z13), B13<>"DIV", NOW()-A13 > 365), D13, "") | X26: =IF(AND(B13<>"DIV", C13="Buy", ISBLANK(Z13), NOW()-A13 > 365), K13/(NOW()-A13),"") | Y26: =IF(AND(B13<>"DIV", C13="Buy", ISBLANK(Z13), NOW()-A13 > 365), K13/D13,"") | Z26: 700 | AA26: 46065 | AB26: 5 | AC26: 1491.57 | AF26: =IF(B13="DIV", G13,"") | AG26: SBI Securities
A27: 44853 | B27: NSE | C27: Buy | D27: 10 | E27: 379.505 | F27: =Index!$C$2 | G27: 3821.85 | H27: ~ | I27: 3.75 | J27: 23.1 | K27: =IF(AND( C14="Buy", ISBLANK(Z14), B14<>"DIV"), (F14*D14)-(E14*D14), "") | L27: =IF(AND( C14="Buy", ISBLANK(Z14), B14<>"DIV"), F14*D14, "") | M27: =IF(AND( C14="Buy", ISBLANK(Z14), B14<>"DIV"), D14, "") | N27: =IF(AND(B14<>"DIV", C14="Buy", ISBLANK(Z14)), K14/(NOW()-A14),"") | O27: =IF(AND(B14<>"DIV", C14="Buy", ISBLANK(Z14)), K14/D14,"") | P27: =IF(AND( C14="Buy", ISBLANK(Z14), B14<>"DIV", NOW()-A14 < 365), (F14*D14)-(E14*D14), "") | Q27: =IF(AND( C14="Buy", ISBLANK(Z14), B14<>"DIV", NOW()-A14 < 365), F14*D14, "") | R27: =IF(AND( C14="Buy", ISBLANK(Z14), B14<>"DIV", NOW()-A14 < 365), D14, "") | S27: =IF(AND(B14<>"DIV", C14="Buy", ISBLANK(Z14), NOW()-A14 < 365), K14/(NOW()-A14),"") | T27: =IF(AND(B14<>"DIV", C14="Buy", ISBLANK(Z14), NOW()-A14 < 365), K14/D14,"") | U27: =IF(AND( C14="Buy", ISBLANK(Z14), B14<>"DIV", NOW()-A14 > 365), (F14*D14)-(E14*D14), "") | V27: =IF(AND( C14="Buy", ISBLANK(Z14), B14<>"DIV", NOW()-A14 > 365), F14*D14, "") | W27: =IF(AND( C14="Buy", ISBLANK(Z14), B14<>"DIV", NOW()-A14 > 365), D14, "") | X27: =IF(AND(B14<>"DIV", C14="Buy", ISBLANK(Z14), NOW()-A14 > 365), K14/(NOW()-A14),"") | Y27: =IF(AND(B14<>"DIV", C14="Buy", ISBLANK(Z14), NOW()-A14 > 365), K14/D14,"") | Z27: 700 | AA27: 46065 | AB27: 5 | AC27: 1580.04 | AF27: =IF(B14="DIV", G14,"") | AG27: SBI Securities
A28: 44827 | B28: BSE | C28: Buy | D28: 20 | E28: 398.7975 | F28: =Index!$C$2 | G28: 8032.25 | H28: ~ | I28: 7.8 | J28: 48.45 | K28: =IF(AND( C15="Buy", ISBLANK(Z15), B15<>"DIV"), (F15*D15)-(E15*D15), "") | L28: =IF(AND( C15="Buy", ISBLANK(Z15), B15<>"DIV"), F15*D15, "") | M28: =IF(AND( C15="Buy", ISBLANK(Z15), B15<>"DIV"), D15, "") | N28: =IF(AND(B15<>"DIV", C15="Buy", ISBLANK(Z15)), K15/(NOW()-A15),"") | O28: =IF(AND(B15<>"DIV", C15="Buy", ISBLANK(Z15)), K15/D15,"") | P28: =IF(AND( C15="Buy", ISBLANK(Z15), B15<>"DIV", NOW()-A15 < 365), (F15*D15)-(E15*D15), "") | Q28: =IF(AND( C15="Buy", ISBLANK(Z15), B15<>"DIV", NOW()-A15 < 365), F15*D15, "") | R28: =IF(AND( C15="Buy", ISBLANK(Z15), B15<>"DIV", NOW()-A15 < 365), D15, "") | S28: =IF(AND(B15<>"DIV", C15="Buy", ISBLANK(Z15), NOW()-A15 < 365), K15/(NOW()-A15),"") | T28: =IF(AND(B15<>"DIV", C15="Buy", ISBLANK(Z15), NOW()-A15 < 365), K15/D15,"") | U28: =IF(AND( C15="Buy", ISBLANK(Z15), B15<>"DIV", NOW()-A15 > 365), (F15*D15)-(E15*D15), "") | V28: =IF(AND( C15="Buy", ISBLANK(Z15), B15<>"DIV", NOW()-A15 > 365), F15*D15, "") | W28: =IF(AND( C15="Buy", ISBLANK(Z15), B15<>"DIV", NOW()-A15 > 365), D15, "") | X28: =IF(AND(B15<>"DIV", C15="Buy", ISBLANK(Z15), NOW()-A15 > 365), K15/(NOW()-A15),"") | Y28: =IF(AND(B15<>"DIV", C15="Buy", ISBLANK(Z15), NOW()-A15 > 365), K15/D15,"") | Z28: 700 | AA28: 46065 | AB28: 1 | AC28: 296.99 | AG28: SBI Securities
